ISO-10303-21;
HEADER;
/* Generated by software containing ST-Developer
 * from STEP Tools, Inc. (www.steptools.com) 
 */
/* OPTION: using custom renumber hook */

FILE_DESCRIPTION(
/* description */ ('STEP AP242 Edition 2',
'CAx-IF Rec.Pracs.---Representation and Presentation of Product Manufa
cturing Information (PMI)---4.0---2014-10-13',
'CAx-IF Rec.Pracs.---3D Tessellated Geometry---0.4---2014-09-14','2;1',
'CAx-IF Rec.Pracs.---User Defined Attributes---1.5---2016-08-15'),
/* implementation_level */ '2;1');

FILE_NAME(
/* name */ 'case new - top case',
/* time_stamp */ '2026-08-29T02:01:29Z',
/* author */ (''),
/* organization */ (''),
/* preprocessor_version */ 'ST-DEVELOPER v20',
/* originating_system */ 'ONSHAPE BY PTC INC, 1.220',
/* authorisation */ '  ');

FILE_SCHEMA (('AP242_MANAGED_MODEL_BASED_3D_ENGINEERING_MIM_LF { 1 0 10303 442 3 1 4 }'));
ENDSEC;

DATA;
#10=SHAPE_REPRESENTATION_RELATIONSHIP('','',#2677,#11);
#11=ADVANCED_BREP_SHAPE_REPRESENTATION('',(#2675),#4589);
#12=TOROIDAL_SURFACE('',#3036,0.00599999850584996,0.0004);
#13=TOROIDAL_SURFACE('',#3038,0.00599999850585001,0.0004);
#14=TOROIDAL_SURFACE('',#3044,0.00599999850585002,0.0004);
#15=TOROIDAL_SURFACE('',#3046,0.00599999850585005,0.0004);
#16=CYLINDRICAL_SURFACE('',#2870,0.00399999850585003);
#17=CYLINDRICAL_SURFACE('',#2873,0.00399999850585001);
#18=CYLINDRICAL_SURFACE('',#2876,0.00399999850585003);
#19=CYLINDRICAL_SURFACE('',#2878,0.00399999850585006);
#20=CYLINDRICAL_SURFACE('',#2898,0.000100002891901695);
#21=CYLINDRICAL_SURFACE('',#2900,0.000100002891907796);
#22=CYLINDRICAL_SURFACE('',#2902,0.00010000289189858);
#23=CYLINDRICAL_SURFACE('',#2904,0.000100002891891206);
#24=CYLINDRICAL_SURFACE('',#2905,0.0200998711337158);
#25=CYLINDRICAL_SURFACE('',#2907,0.00639999850584996);
#26=CYLINDRICAL_SURFACE('',#2910,0.00639999850585001);
#27=CYLINDRICAL_SURFACE('',#2913,0.00639999850585005);
#28=CYLINDRICAL_SURFACE('',#2915,0.00639999850585002);
#29=CYLINDRICAL_SURFACE('',#2917,0.0011);
#30=CYLINDRICAL_SURFACE('',#2920,0.0011);
#31=CYLINDRICAL_SURFACE('',#2923,0.0011);
#32=CYLINDRICAL_SURFACE('',#2926,0.0011);
#33=CYLINDRICAL_SURFACE('',#2929,0.0011);
#34=CYLINDRICAL_SURFACE('',#2932,0.0011);
#35=CYLINDRICAL_SURFACE('',#2935,0.0011);
#36=CYLINDRICAL_SURFACE('',#2938,0.0011);
#37=CYLINDRICAL_SURFACE('',#2941,0.0011);
#38=CYLINDRICAL_SURFACE('',#2944,0.0011);
#39=CYLINDRICAL_SURFACE('',#2947,0.0011);
#40=CYLINDRICAL_SURFACE('',#2950,0.0011);
#41=CYLINDRICAL_SURFACE('',#2953,0.00415);
#42=CYLINDRICAL_SURFACE('',#2954,0.00414999999999991);
#43=CYLINDRICAL_SURFACE('',#2955,0.0005);
#44=CYLINDRICAL_SURFACE('',#2956,0.0005);
#45=CYLINDRICAL_SURFACE('',#2957,0.0005);
#46=CYLINDRICAL_SURFACE('',#2958,0.0005);
#47=CYLINDRICAL_SURFACE('',#2959,0.000500000000000008);
#48=CYLINDRICAL_SURFACE('',#2960,0.0005);
#49=CYLINDRICAL_SURFACE('',#2961,0.0005);
#50=CYLINDRICAL_SURFACE('',#2962,0.0005);
#51=CYLINDRICAL_SURFACE('',#2963,0.0005);
#52=CYLINDRICAL_SURFACE('',#2964,0.0005);
#53=CYLINDRICAL_SURFACE('',#2965,0.000500000000000018);
#54=CYLINDRICAL_SURFACE('',#2966,0.0005);
#55=CYLINDRICAL_SURFACE('',#2967,0.0005);
#56=CYLINDRICAL_SURFACE('',#2968,0.0005);
#57=CYLINDRICAL_SURFACE('',#2969,0.0005);
#58=CYLINDRICAL_SURFACE('',#2970,0.0005);
#59=CYLINDRICAL_SURFACE('',#2971,0.0005);
#60=CYLINDRICAL_SURFACE('',#2972,0.0005);
#61=CYLINDRICAL_SURFACE('',#2973,0.0005);
#62=CYLINDRICAL_SURFACE('',#2974,0.0005);
#63=CYLINDRICAL_SURFACE('',#2975,0.0005);
#64=CYLINDRICAL_SURFACE('',#2976,0.0005);
#65=CYLINDRICAL_SURFACE('',#2977,0.0005);
#66=CYLINDRICAL_SURFACE('',#2978,0.000500000000000008);
#67=CYLINDRICAL_SURFACE('',#2979,0.0005);
#68=CYLINDRICAL_SURFACE('',#2980,0.0005);
#69=CYLINDRICAL_SURFACE('',#2981,0.0005);
#70=CYLINDRICAL_SURFACE('',#2982,0.0005);
#71=CYLINDRICAL_SURFACE('',#2983,0.0005);
#72=CYLINDRICAL_SURFACE('',#2984,0.000500000000000018);
#73=CYLINDRICAL_SURFACE('',#2985,0.0005);
#74=CYLINDRICAL_SURFACE('',#2986,0.0005);
#75=CYLINDRICAL_SURFACE('',#2987,0.0005);
#76=CYLINDRICAL_SURFACE('',#2988,0.0005);
#77=CYLINDRICAL_SURFACE('',#2989,0.0005);
#78=CYLINDRICAL_SURFACE('',#2990,0.0005);
#79=CYLINDRICAL_SURFACE('',#2991,0.0005);
#80=CYLINDRICAL_SURFACE('',#2992,0.0005);
#81=CYLINDRICAL_SURFACE('',#2993,0.0005);
#82=CYLINDRICAL_SURFACE('',#2994,0.0005);
#83=CYLINDRICAL_SURFACE('',#2995,0.0005);
#84=CYLINDRICAL_SURFACE('',#2996,0.0005);
#85=CYLINDRICAL_SURFACE('',#2997,0.0005);
#86=CYLINDRICAL_SURFACE('',#2998,0.0005);
#87=CYLINDRICAL_SURFACE('',#2999,0.0005);
#88=CYLINDRICAL_SURFACE('',#3000,0.0005);
#89=CYLINDRICAL_SURFACE('',#3001,0.0005);
#90=CYLINDRICAL_SURFACE('',#3002,0.0005);
#91=CYLINDRICAL_SURFACE('',#3003,0.0005);
#92=CYLINDRICAL_SURFACE('',#3004,0.0005);
#93=CYLINDRICAL_SURFACE('',#3005,0.0005);
#94=CYLINDRICAL_SURFACE('',#3006,0.0005);
#95=CYLINDRICAL_SURFACE('',#3007,0.0005);
#96=CYLINDRICAL_SURFACE('',#3008,0.000500000000000018);
#97=CYLINDRICAL_SURFACE('',#3009,0.0005);
#98=CYLINDRICAL_SURFACE('',#3010,0.0005);
#99=CYLINDRICAL_SURFACE('',#3011,0.0005);
#100=CYLINDRICAL_SURFACE('',#3012,0.0005);
#101=CYLINDRICAL_SURFACE('',#3013,0.0005);
#102=CYLINDRICAL_SURFACE('',#3014,0.000500000000000008);
#103=CYLINDRICAL_SURFACE('',#3015,0.0005);
#104=CYLINDRICAL_SURFACE('',#3016,0.0005);
#105=CYLINDRICAL_SURFACE('',#3017,0.0005);
#106=CYLINDRICAL_SURFACE('',#3018,0.0005);
#107=CYLINDRICAL_SURFACE('',#3019,0.000500000000000008);
#108=CYLINDRICAL_SURFACE('',#3020,0.0005);
#109=CYLINDRICAL_SURFACE('',#3021,0.0005);
#110=CYLINDRICAL_SURFACE('',#3022,0.0005);
#111=CYLINDRICAL_SURFACE('',#3023,0.0005);
#112=CYLINDRICAL_SURFACE('',#3024,0.0005);
#113=CYLINDRICAL_SURFACE('',#3025,0.0005);
#114=CYLINDRICAL_SURFACE('',#3026,0.0005);
#115=CYLINDRICAL_SURFACE('',#3027,0.0005);
#116=CYLINDRICAL_SURFACE('',#3028,0.0005);
#117=CYLINDRICAL_SURFACE('',#3029,0.0005);
#118=CYLINDRICAL_SURFACE('',#3030,0.0005);
#119=CYLINDRICAL_SURFACE('',#3031,0.0005);
#120=CYLINDRICAL_SURFACE('',#3032,0.0005);
#121=CYLINDRICAL_SURFACE('',#3033,0.0004);
#122=CYLINDRICAL_SURFACE('',#3040,0.0004);
#123=CYLINDRICAL_SURFACE('',#3042,0.0004);
#124=CYLINDRICAL_SURFACE('',#3048,0.0004);
#125=CYLINDRICAL_SURFACE('',#3051,9.99999999999788E-5);
#126=CYLINDRICAL_SURFACE('',#3053,9.99999999999807E-5);
#127=CYLINDRICAL_SURFACE('',#3054,9.99999999999946E-5);
#128=CYLINDRICAL_SURFACE('',#3056,9.99999999999899E-5);
#129=CIRCLE('',#2680,9.99999999999946E-5);
#130=CIRCLE('',#2681,9.99999999999807E-5);
#131=CIRCLE('',#2682,9.99999999999788E-5);
#132=CIRCLE('',#2683,9.99999999999899E-5);
#133=CIRCLE('',#2685,9.99999999999946E-5);
#134=CIRCLE('',#2686,9.99999999999899E-5);
#135=CIRCLE('',#2687,9.99999999999788E-5);
#136=CIRCLE('',#2688,9.99999999999807E-5);
#137=CIRCLE('',#2690,0.0005);
#138=CIRCLE('',#2691,0.0005);
#139=CIRCLE('',#2692,0.0005);
#140=CIRCLE('',#2693,0.0005);
#141=CIRCLE('',#2694,0.0005);
#142=CIRCLE('',#2695,0.0005);
#143=CIRCLE('',#2696,0.0005);
#144=CIRCLE('',#2697,0.0005);
#145=CIRCLE('',#2698,0.0005);
#146=CIRCLE('',#2699,0.0005);
#147=CIRCLE('',#2700,0.0005);
#148=CIRCLE('',#2701,0.0005);
#149=CIRCLE('',#2702,0.0005);
#150=CIRCLE('',#2703,0.000500000000000008);
#151=CIRCLE('',#2704,0.0005);
#152=CIRCLE('',#2705,0.0005);
#153=CIRCLE('',#2706,0.0005);
#154=CIRCLE('',#2707,0.0005);
#155=CIRCLE('',#2708,0.000500000000000008);
#156=CIRCLE('',#2709,0.0005);
#157=CIRCLE('',#2710,0.0005);
#158=CIRCLE('',#2711,0.0005);
#159=CIRCLE('',#2712,0.0005);
#160=CIRCLE('',#2713,0.0005);
#161=CIRCLE('',#2714,0.000500000000000018);
#162=CIRCLE('',#2715,0.0005);
#163=CIRCLE('',#2716,0.0005);
#164=CIRCLE('',#2717,0.0005);
#165=CIRCLE('',#2718,0.0005);
#166=CIRCLE('',#2719,0.0005);
#167=CIRCLE('',#2720,0.0005);
#168=CIRCLE('',#2721,0.0005);
#169=CIRCLE('',#2722,0.0005);
#170=CIRCLE('',#2723,0.0005);
#171=CIRCLE('',#2724,0.0005);
#172=CIRCLE('',#2725,0.0005);
#173=CIRCLE('',#2726,0.0005);
#174=CIRCLE('',#2727,0.0005);
#175=CIRCLE('',#2728,0.0005);
#176=CIRCLE('',#2729,0.0005);
#177=CIRCLE('',#2730,0.0005);
#178=CIRCLE('',#2731,0.0005);
#179=CIRCLE('',#2732,0.0005);
#180=CIRCLE('',#2733,0.0005);
#181=CIRCLE('',#2734,0.0005);
#182=CIRCLE('',#2735,0.0005);
#183=CIRCLE('',#2736,0.0005);
#184=CIRCLE('',#2737,0.0005);
#185=CIRCLE('',#2738,0.000500000000000018);
#186=CIRCLE('',#2739,0.0005);
#187=CIRCLE('',#2740,0.0005);
#188=CIRCLE('',#2741,0.0005);
#189=CIRCLE('',#2742,0.0005);
#190=CIRCLE('',#2743,0.0005);
#191=CIRCLE('',#2744,0.000500000000000008);
#192=CIRCLE('',#2745,0.0005);
#193=CIRCLE('',#2746,0.0005);
#194=CIRCLE('',#2747,0.0005);
#195=CIRCLE('',#2748,0.0005);
#196=CIRCLE('',#2749,0.0005);
#197=CIRCLE('',#2750,0.0005);
#198=CIRCLE('',#2751,0.0005);
#199=CIRCLE('',#2752,0.0005);
#200=CIRCLE('',#2753,0.0005);
#201=CIRCLE('',#2754,0.0005);
#202=CIRCLE('',#2755,0.0005);
#203=CIRCLE('',#2756,0.0005);
#204=CIRCLE('',#2757,0.000500000000000018);
#205=CIRCLE('',#2758,0.0005);
#206=CIRCLE('',#2759,0.0005);
#207=CIRCLE('',#2760,0.0005);
#208=CIRCLE('',#2761,0.0005);
#209=CIRCLE('',#2762,0.0005);
#210=CIRCLE('',#2763,0.000500000000000008);
#211=CIRCLE('',#2764,0.0005);
#212=CIRCLE('',#2765,0.0005);
#213=CIRCLE('',#2766,0.0005);
#214=CIRCLE('',#2767,0.0005);
#215=CIRCLE('',#2768,0.00414999999999991);
#216=CIRCLE('',#2769,0.00415);
#217=CIRCLE('',#2770,0.00399999850585006);
#218=CIRCLE('',#2771,0.00399999850585003);
#219=CIRCLE('',#2772,0.00399999850585001);
#220=CIRCLE('',#2773,0.00399999850585003);
#221=CIRCLE('',#2774,0.000100002891891206);
#222=CIRCLE('',#2775,0.000100002891901695);
#223=CIRCLE('',#2776,0.000100002891907796);
#224=CIRCLE('',#2777,0.00010000289189858);
#225=CIRCLE('',#2778,0.0200998711337158);
#226=CIRCLE('',#2780,0.00599999850585005);
#227=CIRCLE('',#2781,0.00599999850585002);
#228=CIRCLE('',#2782,0.00599999850584996);
#229=CIRCLE('',#2783,0.00599999850585001);
#230=CIRCLE('',#2784,0.0005);
#231=CIRCLE('',#2785,0.0005);
#232=CIRCLE('',#2786,0.0005);
#233=CIRCLE('',#2787,0.0005);
#234=CIRCLE('',#2788,0.0005);
#235=CIRCLE('',#2789,0.0005);
#236=CIRCLE('',#2790,0.0005);
#237=CIRCLE('',#2791,0.0005);
#238=CIRCLE('',#2792,0.0005);
#239=CIRCLE('',#2793,0.0005);
#240=CIRCLE('',#2794,0.0005);
#241=CIRCLE('',#2795,0.0005);
#242=CIRCLE('',#2796,0.0005);
#243=CIRCLE('',#2797,0.000500000000000008);
#244=CIRCLE('',#2798,0.0005);
#245=CIRCLE('',#2799,0.0005);
#246=CIRCLE('',#2800,0.0005);
#247=CIRCLE('',#2801,0.0005);
#248=CIRCLE('',#2802,0.000500000000000008);
#249=CIRCLE('',#2803,0.0005);
#250=CIRCLE('',#2804,0.0005);
#251=CIRCLE('',#2805,0.0005);
#252=CIRCLE('',#2806,0.0005);
#253=CIRCLE('',#2807,0.0005);
#254=CIRCLE('',#2808,0.000500000000000018);
#255=CIRCLE('',#2809,0.0005);
#256=CIRCLE('',#2810,0.0005);
#257=CIRCLE('',#2811,0.0005);
#258=CIRCLE('',#2812,0.0005);
#259=CIRCLE('',#2813,0.0005);
#260=CIRCLE('',#2814,0.0005);
#261=CIRCLE('',#2815,0.0005);
#262=CIRCLE('',#2816,0.0005);
#263=CIRCLE('',#2817,0.0005);
#264=CIRCLE('',#2818,0.0005);
#265=CIRCLE('',#2819,0.0005);
#266=CIRCLE('',#2820,0.0005);
#267=CIRCLE('',#2821,0.0005);
#268=CIRCLE('',#2822,0.0005);
#269=CIRCLE('',#2823,0.0005);
#270=CIRCLE('',#2824,0.0005);
#271=CIRCLE('',#2825,0.0005);
#272=CIRCLE('',#2826,0.0005);
#273=CIRCLE('',#2827,0.0005);
#274=CIRCLE('',#2828,0.0005);
#275=CIRCLE('',#2829,0.0005);
#276=CIRCLE('',#2830,0.0005);
#277=CIRCLE('',#2831,0.0005);
#278=CIRCLE('',#2832,0.000500000000000018);
#279=CIRCLE('',#2833,0.0005);
#280=CIRCLE('',#2834,0.0005);
#281=CIRCLE('',#2835,0.0005);
#282=CIRCLE('',#2836,0.0005);
#283=CIRCLE('',#2837,0.0005);
#284=CIRCLE('',#2838,0.000500000000000008);
#285=CIRCLE('',#2839,0.0005);
#286=CIRCLE('',#2840,0.0005);
#287=CIRCLE('',#2841,0.0005);
#288=CIRCLE('',#2842,0.0005);
#289=CIRCLE('',#2843,0.0005);
#290=CIRCLE('',#2844,0.0005);
#291=CIRCLE('',#2845,0.0005);
#292=CIRCLE('',#2846,0.0005);
#293=CIRCLE('',#2847,0.0005);
#294=CIRCLE('',#2848,0.0005);
#295=CIRCLE('',#2849,0.0005);
#296=CIRCLE('',#2850,0.0005);
#297=CIRCLE('',#2851,0.000500000000000018);
#298=CIRCLE('',#2852,0.0005);
#299=CIRCLE('',#2853,0.0005);
#300=CIRCLE('',#2854,0.0005);
#301=CIRCLE('',#2855,0.0005);
#302=CIRCLE('',#2856,0.0005);
#303=CIRCLE('',#2857,0.000500000000000008);
#304=CIRCLE('',#2858,0.0005);
#305=CIRCLE('',#2859,0.0005);
#306=CIRCLE('',#2860,0.0005);
#307=CIRCLE('',#2861,0.0005);
#308=CIRCLE('',#2862,0.00414999999999991);
#309=CIRCLE('',#2863,0.00415);
#310=CIRCLE('',#2864,0.000100002891891206);
#311=CIRCLE('',#2865,0.00010000289189858);
#312=CIRCLE('',#2866,0.000100002891907796);
#313=CIRCLE('',#2867,0.000100002891901695);
#314=CIRCLE('',#2868,0.0200998711337158);
#315=CIRCLE('',#2871,0.00399999850585003);
#316=CIRCLE('',#2874,0.00399999850585001);
#317=CIRCLE('',#2877,0.00399999850585003);
#318=CIRCLE('',#2879,0.00399999850585006);
#319=CIRCLE('',#2881,0.0011);
#320=CIRCLE('',#2882,0.0011);
#321=CIRCLE('',#2883,0.0011);
#322=CIRCLE('',#2884,0.0011);
#323=CIRCLE('',#2885,0.0011);
#324=CIRCLE('',#2886,0.0011);
#325=CIRCLE('',#2887,0.0011);
#326=CIRCLE('',#2888,0.0011);
#327=CIRCLE('',#2889,0.0011);
#328=CIRCLE('',#2890,0.0011);
#329=CIRCLE('',#2891,0.0011);
#330=CIRCLE('',#2892,0.0011);
#331=CIRCLE('',#2893,0.00639999850585002);
#332=CIRCLE('',#2894,0.00639999850585005);
#333=CIRCLE('',#2895,0.00639999850585001);
#334=CIRCLE('',#2896,0.00639999850584996);
#335=CIRCLE('',#2908,0.00639999850584996);
#336=CIRCLE('',#2911,0.00639999850585001);
#337=CIRCLE('',#2914,0.00639999850585005);
#338=CIRCLE('',#2916,0.00639999850585002);
#339=CIRCLE('',#2918,0.0011);
#340=CIRCLE('',#2921,0.0011);
#341=CIRCLE('',#2924,0.0011);
#342=CIRCLE('',#2927,0.0011);
#343=CIRCLE('',#2930,0.0011);
#344=CIRCLE('',#2933,0.0011);
#345=CIRCLE('',#2936,0.0011);
#346=CIRCLE('',#2939,0.0011);
#347=CIRCLE('',#2942,0.0011);
#348=CIRCLE('',#2945,0.0011);
#349=CIRCLE('',#2948,0.0011);
#350=CIRCLE('',#2951,0.0011);
#351=CIRCLE('',#3034,0.0004);
#352=CIRCLE('',#3035,0.0004);
#353=CIRCLE('',#3037,0.0004);
#354=CIRCLE('',#3039,0.0004);
#355=CIRCLE('',#3041,0.0004);
#356=CIRCLE('',#3043,0.0004);
#357=CIRCLE('',#3045,0.0004);
#358=CIRCLE('',#3047,0.0004);
#359=ORIENTED_EDGE('',*,*,#955,.T.);
#360=ORIENTED_EDGE('',*,*,#956,.T.);
#361=ORIENTED_EDGE('',*,*,#957,.F.);
#362=ORIENTED_EDGE('',*,*,#958,.F.);
#363=ORIENTED_EDGE('',*,*,#959,.F.);
#364=ORIENTED_EDGE('',*,*,#960,.F.);
#365=ORIENTED_EDGE('',*,*,#961,.F.);
#366=ORIENTED_EDGE('',*,*,#962,.T.);
#367=ORIENTED_EDGE('',*,*,#963,.F.);
#368=ORIENTED_EDGE('',*,*,#964,.F.);
#369=ORIENTED_EDGE('',*,*,#965,.F.);
#370=ORIENTED_EDGE('',*,*,#966,.F.);
#371=ORIENTED_EDGE('',*,*,#967,.T.);
#372=ORIENTED_EDGE('',*,*,#968,.T.);
#373=ORIENTED_EDGE('',*,*,#969,.T.);
#374=ORIENTED_EDGE('',*,*,#970,.T.);
#375=ORIENTED_EDGE('',*,*,#971,.T.);
#376=ORIENTED_EDGE('',*,*,#972,.T.);
#377=ORIENTED_EDGE('',*,*,#973,.F.);
#378=ORIENTED_EDGE('',*,*,#974,.T.);
#379=ORIENTED_EDGE('',*,*,#975,.T.);
#380=ORIENTED_EDGE('',*,*,#976,.F.);
#381=ORIENTED_EDGE('',*,*,#977,.F.);
#382=ORIENTED_EDGE('',*,*,#978,.T.);
#383=ORIENTED_EDGE('',*,*,#979,.T.);
#384=ORIENTED_EDGE('',*,*,#980,.T.);
#385=ORIENTED_EDGE('',*,*,#981,.T.);
#386=ORIENTED_EDGE('',*,*,#982,.T.);
#387=ORIENTED_EDGE('',*,*,#983,.T.);
#388=ORIENTED_EDGE('',*,*,#984,.T.);
#389=ORIENTED_EDGE('',*,*,#985,.T.);
#390=ORIENTED_EDGE('',*,*,#986,.T.);
#391=ORIENTED_EDGE('',*,*,#987,.T.);
#392=ORIENTED_EDGE('',*,*,#988,.T.);
#393=ORIENTED_EDGE('',*,*,#989,.T.);
#394=ORIENTED_EDGE('',*,*,#990,.T.);
#395=ORIENTED_EDGE('',*,*,#991,.T.);
#396=ORIENTED_EDGE('',*,*,#992,.T.);
#397=ORIENTED_EDGE('',*,*,#993,.T.);
#398=ORIENTED_EDGE('',*,*,#994,.T.);
#399=ORIENTED_EDGE('',*,*,#995,.T.);
#400=ORIENTED_EDGE('',*,*,#996,.T.);
#401=ORIENTED_EDGE('',*,*,#997,.T.);
#402=ORIENTED_EDGE('',*,*,#998,.T.);
#403=ORIENTED_EDGE('',*,*,#999,.T.);
#404=ORIENTED_EDGE('',*,*,#1000,.T.);
#405=ORIENTED_EDGE('',*,*,#1001,.T.);
#406=ORIENTED_EDGE('',*,*,#1002,.T.);
#407=ORIENTED_EDGE('',*,*,#1003,.T.);
#408=ORIENTED_EDGE('',*,*,#1004,.T.);
#409=ORIENTED_EDGE('',*,*,#1005,.T.);
#410=ORIENTED_EDGE('',*,*,#1006,.T.);
#411=ORIENTED_EDGE('',*,*,#1007,.T.);
#412=ORIENTED_EDGE('',*,*,#1008,.T.);
#413=ORIENTED_EDGE('',*,*,#1009,.T.);
#414=ORIENTED_EDGE('',*,*,#1010,.T.);
#415=ORIENTED_EDGE('',*,*,#1011,.T.);
#416=ORIENTED_EDGE('',*,*,#1012,.T.);
#417=ORIENTED_EDGE('',*,*,#1013,.T.);
#418=ORIENTED_EDGE('',*,*,#1014,.T.);
#419=ORIENTED_EDGE('',*,*,#1015,.T.);
#420=ORIENTED_EDGE('',*,*,#1016,.T.);
#421=ORIENTED_EDGE('',*,*,#1017,.T.);
#422=ORIENTED_EDGE('',*,*,#1018,.T.);
#423=ORIENTED_EDGE('',*,*,#1019,.T.);
#424=ORIENTED_EDGE('',*,*,#1020,.T.);
#425=ORIENTED_EDGE('',*,*,#1021,.T.);
#426=ORIENTED_EDGE('',*,*,#1022,.T.);
#427=ORIENTED_EDGE('',*,*,#1023,.T.);
#428=ORIENTED_EDGE('',*,*,#1024,.T.);
#429=ORIENTED_EDGE('',*,*,#1025,.T.);
#430=ORIENTED_EDGE('',*,*,#1026,.T.);
#431=ORIENTED_EDGE('',*,*,#1027,.T.);
#432=ORIENTED_EDGE('',*,*,#1028,.T.);
#433=ORIENTED_EDGE('',*,*,#1029,.T.);
#434=ORIENTED_EDGE('',*,*,#1030,.T.);
#435=ORIENTED_EDGE('',*,*,#1031,.T.);
#436=ORIENTED_EDGE('',*,*,#1032,.T.);
#437=ORIENTED_EDGE('',*,*,#1033,.T.);
#438=ORIENTED_EDGE('',*,*,#1034,.T.);
#439=ORIENTED_EDGE('',*,*,#1035,.T.);
#440=ORIENTED_EDGE('',*,*,#1036,.T.);
#441=ORIENTED_EDGE('',*,*,#1037,.T.);
#442=ORIENTED_EDGE('',*,*,#1038,.T.);
#443=ORIENTED_EDGE('',*,*,#1039,.T.);
#444=ORIENTED_EDGE('',*,*,#1040,.T.);
#445=ORIENTED_EDGE('',*,*,#1041,.T.);
#446=ORIENTED_EDGE('',*,*,#1042,.T.);
#447=ORIENTED_EDGE('',*,*,#1043,.T.);
#448=ORIENTED_EDGE('',*,*,#1044,.T.);
#449=ORIENTED_EDGE('',*,*,#1045,.T.);
#450=ORIENTED_EDGE('',*,*,#1046,.T.);
#451=ORIENTED_EDGE('',*,*,#1047,.T.);
#452=ORIENTED_EDGE('',*,*,#1048,.T.);
#453=ORIENTED_EDGE('',*,*,#1049,.T.);
#454=ORIENTED_EDGE('',*,*,#1050,.T.);
#455=ORIENTED_EDGE('',*,*,#1051,.T.);
#456=ORIENTED_EDGE('',*,*,#1052,.T.);
#457=ORIENTED_EDGE('',*,*,#1053,.T.);
#458=ORIENTED_EDGE('',*,*,#1054,.T.);
#459=ORIENTED_EDGE('',*,*,#1055,.T.);
#460=ORIENTED_EDGE('',*,*,#1056,.T.);
#461=ORIENTED_EDGE('',*,*,#1057,.T.);
#462=ORIENTED_EDGE('',*,*,#1058,.T.);
#463=ORIENTED_EDGE('',*,*,#1059,.T.);
#464=ORIENTED_EDGE('',*,*,#1060,.T.);
#465=ORIENTED_EDGE('',*,*,#1061,.T.);
#466=ORIENTED_EDGE('',*,*,#1062,.T.);
#467=ORIENTED_EDGE('',*,*,#1063,.T.);
#468=ORIENTED_EDGE('',*,*,#1064,.T.);
#469=ORIENTED_EDGE('',*,*,#1065,.T.);
#470=ORIENTED_EDGE('',*,*,#977,.T.);
#471=ORIENTED_EDGE('',*,*,#1066,.T.);
#472=ORIENTED_EDGE('',*,*,#1067,.T.);
#473=ORIENTED_EDGE('',*,*,#1068,.T.);
#474=ORIENTED_EDGE('',*,*,#1069,.T.);
#475=ORIENTED_EDGE('',*,*,#1070,.T.);
#476=ORIENTED_EDGE('',*,*,#1071,.T.);
#477=ORIENTED_EDGE('',*,*,#1072,.T.);
#478=ORIENTED_EDGE('',*,*,#1073,.T.);
#479=ORIENTED_EDGE('',*,*,#1074,.F.);
#480=ORIENTED_EDGE('',*,*,#1075,.T.);
#481=ORIENTED_EDGE('',*,*,#1076,.T.);
#482=ORIENTED_EDGE('',*,*,#1077,.T.);
#483=ORIENTED_EDGE('',*,*,#1078,.T.);
#484=ORIENTED_EDGE('',*,*,#1079,.T.);
#485=ORIENTED_EDGE('',*,*,#1080,.T.);
#486=ORIENTED_EDGE('',*,*,#1081,.T.);
#487=ORIENTED_EDGE('',*,*,#1082,.T.);
#488=ORIENTED_EDGE('',*,*,#1083,.F.);
#489=ORIENTED_EDGE('',*,*,#1084,.F.);
#490=ORIENTED_EDGE('',*,*,#1085,.F.);
#491=ORIENTED_EDGE('',*,*,#1086,.F.);
#492=ORIENTED_EDGE('',*,*,#1087,.F.);
#493=ORIENTED_EDGE('',*,*,#1088,.F.);
#494=ORIENTED_EDGE('',*,*,#1089,.F.);
#495=ORIENTED_EDGE('',*,*,#1090,.F.);
#496=ORIENTED_EDGE('',*,*,#1091,.F.);
#497=ORIENTED_EDGE('',*,*,#1092,.F.);
#498=ORIENTED_EDGE('',*,*,#1093,.F.);
#499=ORIENTED_EDGE('',*,*,#1094,.F.);
#500=ORIENTED_EDGE('',*,*,#1095,.F.);
#501=ORIENTED_EDGE('',*,*,#1096,.F.);
#502=ORIENTED_EDGE('',*,*,#1097,.F.);
#503=ORIENTED_EDGE('',*,*,#1098,.F.);
#504=ORIENTED_EDGE('',*,*,#1099,.F.);
#505=ORIENTED_EDGE('',*,*,#1100,.F.);
#506=ORIENTED_EDGE('',*,*,#1101,.F.);
#507=ORIENTED_EDGE('',*,*,#1102,.F.);
#508=ORIENTED_EDGE('',*,*,#1103,.F.);
#509=ORIENTED_EDGE('',*,*,#1104,.F.);
#510=ORIENTED_EDGE('',*,*,#1105,.F.);
#511=ORIENTED_EDGE('',*,*,#1106,.F.);
#512=ORIENTED_EDGE('',*,*,#1107,.F.);
#513=ORIENTED_EDGE('',*,*,#1108,.F.);
#514=ORIENTED_EDGE('',*,*,#1109,.F.);
#515=ORIENTED_EDGE('',*,*,#1110,.F.);
#516=ORIENTED_EDGE('',*,*,#1111,.F.);
#517=ORIENTED_EDGE('',*,*,#1112,.F.);
#518=ORIENTED_EDGE('',*,*,#1113,.F.);
#519=ORIENTED_EDGE('',*,*,#1114,.F.);
#520=ORIENTED_EDGE('',*,*,#1115,.F.);
#521=ORIENTED_EDGE('',*,*,#1116,.F.);
#522=ORIENTED_EDGE('',*,*,#1117,.F.);
#523=ORIENTED_EDGE('',*,*,#1118,.F.);
#524=ORIENTED_EDGE('',*,*,#1119,.F.);
#525=ORIENTED_EDGE('',*,*,#1120,.F.);
#526=ORIENTED_EDGE('',*,*,#1121,.F.);
#527=ORIENTED_EDGE('',*,*,#1122,.F.);
#528=ORIENTED_EDGE('',*,*,#1123,.F.);
#529=ORIENTED_EDGE('',*,*,#1124,.F.);
#530=ORIENTED_EDGE('',*,*,#1125,.F.);
#531=ORIENTED_EDGE('',*,*,#1126,.F.);
#532=ORIENTED_EDGE('',*,*,#1127,.F.);
#533=ORIENTED_EDGE('',*,*,#1128,.F.);
#534=ORIENTED_EDGE('',*,*,#1129,.F.);
#535=ORIENTED_EDGE('',*,*,#1130,.F.);
#536=ORIENTED_EDGE('',*,*,#1131,.F.);
#537=ORIENTED_EDGE('',*,*,#1132,.F.);
#538=ORIENTED_EDGE('',*,*,#1133,.F.);
#539=ORIENTED_EDGE('',*,*,#1134,.F.);
#540=ORIENTED_EDGE('',*,*,#1135,.F.);
#541=ORIENTED_EDGE('',*,*,#1136,.F.);
#542=ORIENTED_EDGE('',*,*,#1137,.F.);
#543=ORIENTED_EDGE('',*,*,#1138,.F.);
#544=ORIENTED_EDGE('',*,*,#1139,.F.);
#545=ORIENTED_EDGE('',*,*,#1140,.F.);
#546=ORIENTED_EDGE('',*,*,#1141,.F.);
#547=ORIENTED_EDGE('',*,*,#1142,.F.);
#548=ORIENTED_EDGE('',*,*,#1143,.F.);
#549=ORIENTED_EDGE('',*,*,#1144,.F.);
#550=ORIENTED_EDGE('',*,*,#1145,.F.);
#551=ORIENTED_EDGE('',*,*,#1146,.F.);
#552=ORIENTED_EDGE('',*,*,#1147,.F.);
#553=ORIENTED_EDGE('',*,*,#1148,.F.);
#554=ORIENTED_EDGE('',*,*,#1149,.F.);
#555=ORIENTED_EDGE('',*,*,#1150,.F.);
#556=ORIENTED_EDGE('',*,*,#1151,.F.);
#557=ORIENTED_EDGE('',*,*,#1152,.F.);
#558=ORIENTED_EDGE('',*,*,#1153,.F.);
#559=ORIENTED_EDGE('',*,*,#1154,.F.);
#560=ORIENTED_EDGE('',*,*,#1155,.F.);
#561=ORIENTED_EDGE('',*,*,#1156,.F.);
#562=ORIENTED_EDGE('',*,*,#1157,.F.);
#563=ORIENTED_EDGE('',*,*,#1158,.F.);
#564=ORIENTED_EDGE('',*,*,#1159,.F.);
#565=ORIENTED_EDGE('',*,*,#1160,.F.);
#566=ORIENTED_EDGE('',*,*,#1161,.F.);
#567=ORIENTED_EDGE('',*,*,#1162,.F.);
#568=ORIENTED_EDGE('',*,*,#1163,.F.);
#569=ORIENTED_EDGE('',*,*,#1164,.F.);
#570=ORIENTED_EDGE('',*,*,#1165,.F.);
#571=ORIENTED_EDGE('',*,*,#1166,.F.);
#572=ORIENTED_EDGE('',*,*,#1167,.F.);
#573=ORIENTED_EDGE('',*,*,#1168,.F.);
#574=ORIENTED_EDGE('',*,*,#1169,.F.);
#575=ORIENTED_EDGE('',*,*,#1170,.F.);
#576=ORIENTED_EDGE('',*,*,#1171,.T.);
#577=ORIENTED_EDGE('',*,*,#1172,.T.);
#578=ORIENTED_EDGE('',*,*,#1173,.F.);
#579=ORIENTED_EDGE('',*,*,#1060,.F.);
#580=ORIENTED_EDGE('',*,*,#1174,.T.);
#581=ORIENTED_EDGE('',*,*,#1175,.T.);
#582=ORIENTED_EDGE('',*,*,#1176,.F.);
#583=ORIENTED_EDGE('',*,*,#1061,.F.);
#584=ORIENTED_EDGE('',*,*,#1173,.T.);
#585=ORIENTED_EDGE('',*,*,#1177,.T.);
#586=ORIENTED_EDGE('',*,*,#1178,.F.);
#587=ORIENTED_EDGE('',*,*,#1062,.F.);
#588=ORIENTED_EDGE('',*,*,#1176,.T.);
#589=ORIENTED_EDGE('',*,*,#1179,.T.);
#590=ORIENTED_EDGE('',*,*,#1180,.F.);
#591=ORIENTED_EDGE('',*,*,#1063,.F.);
#592=ORIENTED_EDGE('',*,*,#1178,.T.);
#593=ORIENTED_EDGE('',*,*,#1181,.T.);
#594=ORIENTED_EDGE('',*,*,#1182,.F.);
#595=ORIENTED_EDGE('',*,*,#1064,.F.);
#596=ORIENTED_EDGE('',*,*,#1180,.T.);
#597=ORIENTED_EDGE('',*,*,#1183,.T.);
#598=ORIENTED_EDGE('',*,*,#978,.F.);
#599=ORIENTED_EDGE('',*,*,#1065,.F.);
#600=ORIENTED_EDGE('',*,*,#1182,.T.);
#601=ORIENTED_EDGE('',*,*,#1184,.T.);
#602=ORIENTED_EDGE('',*,*,#1174,.F.);
#603=ORIENTED_EDGE('',*,*,#1059,.F.);
#604=ORIENTED_EDGE('',*,*,#976,.T.);
#605=ORIENTED_EDGE('',*,*,#1185,.T.);
#606=ORIENTED_EDGE('',*,*,#1186,.T.);
#607=ORIENTED_EDGE('',*,*,#1187,.T.);
#608=ORIENTED_EDGE('',*,*,#1188,.T.);
#609=ORIENTED_EDGE('',*,*,#1189,.T.);
#610=ORIENTED_EDGE('',*,*,#1190,.T.);
#611=ORIENTED_EDGE('',*,*,#1191,.T.);
#612=ORIENTED_EDGE('',*,*,#1192,.T.);
#613=ORIENTED_EDGE('',*,*,#1193,.T.);
#614=ORIENTED_EDGE('',*,*,#1194,.T.);
#615=ORIENTED_EDGE('',*,*,#1195,.T.);
#616=ORIENTED_EDGE('',*,*,#1196,.T.);
#617=ORIENTED_EDGE('',*,*,#1172,.F.);
#618=ORIENTED_EDGE('',*,*,#1184,.F.);
#619=ORIENTED_EDGE('',*,*,#975,.F.);
#620=ORIENTED_EDGE('',*,*,#1183,.F.);
#621=ORIENTED_EDGE('',*,*,#1181,.F.);
#622=ORIENTED_EDGE('',*,*,#1179,.F.);
#623=ORIENTED_EDGE('',*,*,#1177,.F.);
#624=ORIENTED_EDGE('',*,*,#1175,.F.);
#625=ORIENTED_EDGE('',*,*,#1197,.T.);
#626=ORIENTED_EDGE('',*,*,#1198,.F.);
#627=ORIENTED_EDGE('',*,*,#958,.T.);
#628=ORIENTED_EDGE('',*,*,#1199,.T.);
#629=ORIENTED_EDGE('',*,*,#1200,.T.);
#630=ORIENTED_EDGE('',*,*,#1201,.F.);
#631=ORIENTED_EDGE('',*,*,#1202,.T.);
#632=ORIENTED_EDGE('',*,*,#1203,.F.);
#633=ORIENTED_EDGE('',*,*,#1204,.F.);
#634=ORIENTED_EDGE('',*,*,#1163,.T.);
#635=ORIENTED_EDGE('',*,*,#1205,.T.);
#636=ORIENTED_EDGE('',*,*,#1067,.F.);
#637=ORIENTED_EDGE('',*,*,#1205,.F.);
#638=ORIENTED_EDGE('',*,*,#1170,.T.);
#639=ORIENTED_EDGE('',*,*,#1206,.T.);
#640=ORIENTED_EDGE('',*,*,#1068,.F.);
#641=ORIENTED_EDGE('',*,*,#1206,.F.);
#642=ORIENTED_EDGE('',*,*,#1169,.T.);
#643=ORIENTED_EDGE('',*,*,#1207,.T.);
#644=ORIENTED_EDGE('',*,*,#1069,.F.);
#645=ORIENTED_EDGE('',*,*,#1207,.F.);
#646=ORIENTED_EDGE('',*,*,#1168,.T.);
#647=ORIENTED_EDGE('',*,*,#1208,.T.);
#648=ORIENTED_EDGE('',*,*,#1070,.F.);
#649=ORIENTED_EDGE('',*,*,#1208,.F.);
#650=ORIENTED_EDGE('',*,*,#1167,.T.);
#651=ORIENTED_EDGE('',*,*,#1209,.T.);
#652=ORIENTED_EDGE('',*,*,#1071,.F.);
#653=ORIENTED_EDGE('',*,*,#1209,.F.);
#654=ORIENTED_EDGE('',*,*,#1166,.T.);
#655=ORIENTED_EDGE('',*,*,#1210,.T.);
#656=ORIENTED_EDGE('',*,*,#1072,.F.);
#657=ORIENTED_EDGE('',*,*,#1210,.F.);
#658=ORIENTED_EDGE('',*,*,#1165,.T.);
#659=ORIENTED_EDGE('',*,*,#1211,.T.);
#660=ORIENTED_EDGE('',*,*,#1073,.F.);
#661=ORIENTED_EDGE('',*,*,#1211,.F.);
#662=ORIENTED_EDGE('',*,*,#1164,.T.);
#663=ORIENTED_EDGE('',*,*,#1204,.T.);
#664=ORIENTED_EDGE('',*,*,#1066,.F.);
#665=ORIENTED_EDGE('',*,*,#1171,.F.);
#666=ORIENTED_EDGE('',*,*,#1074,.T.);
#667=ORIENTED_EDGE('',*,*,#1212,.T.);
#668=ORIENTED_EDGE('',*,*,#1213,.T.);
#669=ORIENTED_EDGE('',*,*,#1214,.F.);
#670=ORIENTED_EDGE('',*,*,#1197,.F.);
#671=ORIENTED_EDGE('',*,*,#1215,.T.);
#672=ORIENTED_EDGE('',*,*,#1216,.T.);
#673=ORIENTED_EDGE('',*,*,#1212,.F.);
#674=ORIENTED_EDGE('',*,*,#1203,.T.);
#675=ORIENTED_EDGE('',*,*,#1217,.T.);
#676=ORIENTED_EDGE('',*,*,#1218,.T.);
#677=ORIENTED_EDGE('',*,*,#1215,.F.);
#678=ORIENTED_EDGE('',*,*,#1202,.F.);
#679=ORIENTED_EDGE('',*,*,#1219,.T.);
#680=ORIENTED_EDGE('',*,*,#1220,.T.);
#681=ORIENTED_EDGE('',*,*,#1217,.F.);
#682=ORIENTED_EDGE('',*,*,#1201,.T.);
#683=ORIENTED_EDGE('',*,*,#1221,.T.);
#684=ORIENTED_EDGE('',*,*,#1222,.T.);
#685=ORIENTED_EDGE('',*,*,#1219,.F.);
#686=ORIENTED_EDGE('',*,*,#1200,.F.);
#687=ORIENTED_EDGE('',*,*,#957,.T.);
#688=ORIENTED_EDGE('',*,*,#1223,.T.);
#689=ORIENTED_EDGE('',*,*,#1221,.F.);
#690=ORIENTED_EDGE('',*,*,#1199,.F.);
#691=ORIENTED_EDGE('',*,*,#1214,.T.);
#692=ORIENTED_EDGE('',*,*,#1224,.T.);
#693=ORIENTED_EDGE('',*,*,#955,.F.);
#694=ORIENTED_EDGE('',*,*,#1198,.T.);
#695=ORIENTED_EDGE('',*,*,#1225,.T.);
#696=ORIENTED_EDGE('',*,*,#1196,.F.);
#697=ORIENTED_EDGE('',*,*,#1225,.F.);
#698=ORIENTED_EDGE('',*,*,#1226,.T.);
#699=ORIENTED_EDGE('',*,*,#1195,.F.);
#700=ORIENTED_EDGE('',*,*,#1226,.F.);
#701=ORIENTED_EDGE('',*,*,#1227,.T.);
#702=ORIENTED_EDGE('',*,*,#1194,.F.);
#703=ORIENTED_EDGE('',*,*,#1227,.F.);
#704=ORIENTED_EDGE('',*,*,#1228,.T.);
#705=ORIENTED_EDGE('',*,*,#1193,.F.);
#706=ORIENTED_EDGE('',*,*,#1228,.F.);
#707=ORIENTED_EDGE('',*,*,#1229,.T.);
#708=ORIENTED_EDGE('',*,*,#1192,.F.);
#709=ORIENTED_EDGE('',*,*,#1229,.F.);
#710=ORIENTED_EDGE('',*,*,#1230,.T.);
#711=ORIENTED_EDGE('',*,*,#1191,.F.);
#712=ORIENTED_EDGE('',*,*,#1230,.F.);
#713=ORIENTED_EDGE('',*,*,#1231,.T.);
#714=ORIENTED_EDGE('',*,*,#1190,.F.);
#715=ORIENTED_EDGE('',*,*,#1231,.F.);
#716=ORIENTED_EDGE('',*,*,#1232,.T.);
#717=ORIENTED_EDGE('',*,*,#1189,.F.);
#718=ORIENTED_EDGE('',*,*,#1232,.F.);
#719=ORIENTED_EDGE('',*,*,#1233,.T.);
#720=ORIENTED_EDGE('',*,*,#1188,.F.);
#721=ORIENTED_EDGE('',*,*,#1233,.F.);
#722=ORIENTED_EDGE('',*,*,#1234,.T.);
#723=ORIENTED_EDGE('',*,*,#1187,.F.);
#724=ORIENTED_EDGE('',*,*,#1234,.F.);
#725=ORIENTED_EDGE('',*,*,#1235,.T.);
#726=ORIENTED_EDGE('',*,*,#1186,.F.);
#727=ORIENTED_EDGE('',*,*,#1235,.F.);
#728=ORIENTED_EDGE('',*,*,#1236,.T.);
#729=ORIENTED_EDGE('',*,*,#1185,.F.);
#730=ORIENTED_EDGE('',*,*,#1236,.F.);
#731=ORIENTED_EDGE('',*,*,#1162,.T.);
#732=ORIENTED_EDGE('',*,*,#1058,.F.);
#733=ORIENTED_EDGE('',*,*,#1161,.T.);
#734=ORIENTED_EDGE('',*,*,#1057,.F.);
#735=ORIENTED_EDGE('',*,*,#1160,.T.);
#736=ORIENTED_EDGE('',*,*,#1056,.F.);
#737=ORIENTED_EDGE('',*,*,#1159,.T.);
#738=ORIENTED_EDGE('',*,*,#1055,.F.);
#739=ORIENTED_EDGE('',*,*,#1158,.T.);
#740=ORIENTED_EDGE('',*,*,#1054,.F.);
#741=ORIENTED_EDGE('',*,*,#1157,.T.);
#742=ORIENTED_EDGE('',*,*,#1053,.F.);
#743=ORIENTED_EDGE('',*,*,#1156,.T.);
#744=ORIENTED_EDGE('',*,*,#1052,.F.);
#745=ORIENTED_EDGE('',*,*,#1155,.T.);
#746=ORIENTED_EDGE('',*,*,#1051,.F.);
#747=ORIENTED_EDGE('',*,*,#1154,.T.);
#748=ORIENTED_EDGE('',*,*,#1050,.F.);
#749=ORIENTED_EDGE('',*,*,#1153,.T.);
#750=ORIENTED_EDGE('',*,*,#1049,.F.);
#751=ORIENTED_EDGE('',*,*,#1152,.T.);
#752=ORIENTED_EDGE('',*,*,#1048,.F.);
#753=ORIENTED_EDGE('',*,*,#1151,.T.);
#754=ORIENTED_EDGE('',*,*,#1047,.F.);
#755=ORIENTED_EDGE('',*,*,#1150,.T.);
#756=ORIENTED_EDGE('',*,*,#1046,.F.);
#757=ORIENTED_EDGE('',*,*,#1149,.T.);
#758=ORIENTED_EDGE('',*,*,#1045,.F.);
#759=ORIENTED_EDGE('',*,*,#1148,.T.);
#760=ORIENTED_EDGE('',*,*,#1044,.F.);
#761=ORIENTED_EDGE('',*,*,#1147,.T.);
#762=ORIENTED_EDGE('',*,*,#1043,.F.);
#763=ORIENTED_EDGE('',*,*,#1146,.T.);
#764=ORIENTED_EDGE('',*,*,#1042,.F.);
#765=ORIENTED_EDGE('',*,*,#1145,.T.);
#766=ORIENTED_EDGE('',*,*,#1041,.F.);
#767=ORIENTED_EDGE('',*,*,#1144,.T.);
#768=ORIENTED_EDGE('',*,*,#1040,.F.);
#769=ORIENTED_EDGE('',*,*,#1143,.T.);
#770=ORIENTED_EDGE('',*,*,#1039,.F.);
#771=ORIENTED_EDGE('',*,*,#1142,.T.);
#772=ORIENTED_EDGE('',*,*,#1038,.F.);
#773=ORIENTED_EDGE('',*,*,#1141,.T.);
#774=ORIENTED_EDGE('',*,*,#1037,.F.);
#775=ORIENTED_EDGE('',*,*,#1140,.T.);
#776=ORIENTED_EDGE('',*,*,#1036,.F.);
#777=ORIENTED_EDGE('',*,*,#1139,.T.);
#778=ORIENTED_EDGE('',*,*,#1035,.F.);
#779=ORIENTED_EDGE('',*,*,#1138,.T.);
#780=ORIENTED_EDGE('',*,*,#1034,.F.);
#781=ORIENTED_EDGE('',*,*,#1137,.T.);
#782=ORIENTED_EDGE('',*,*,#1033,.F.);
#783=ORIENTED_EDGE('',*,*,#1136,.T.);
#784=ORIENTED_EDGE('',*,*,#1032,.F.);
#785=ORIENTED_EDGE('',*,*,#1135,.T.);
#786=ORIENTED_EDGE('',*,*,#1031,.F.);
#787=ORIENTED_EDGE('',*,*,#1134,.T.);
#788=ORIENTED_EDGE('',*,*,#1030,.F.);
#789=ORIENTED_EDGE('',*,*,#1133,.T.);
#790=ORIENTED_EDGE('',*,*,#1029,.F.);
#791=ORIENTED_EDGE('',*,*,#1132,.T.);
#792=ORIENTED_EDGE('',*,*,#1028,.F.);
#793=ORIENTED_EDGE('',*,*,#1131,.T.);
#794=ORIENTED_EDGE('',*,*,#1027,.F.);
#795=ORIENTED_EDGE('',*,*,#1130,.T.);
#796=ORIENTED_EDGE('',*,*,#1026,.F.);
#797=ORIENTED_EDGE('',*,*,#1129,.T.);
#798=ORIENTED_EDGE('',*,*,#1025,.F.);
#799=ORIENTED_EDGE('',*,*,#1128,.T.);
#800=ORIENTED_EDGE('',*,*,#1024,.F.);
#801=ORIENTED_EDGE('',*,*,#1127,.T.);
#802=ORIENTED_EDGE('',*,*,#1023,.F.);
#803=ORIENTED_EDGE('',*,*,#1126,.T.);
#804=ORIENTED_EDGE('',*,*,#1022,.F.);
#805=ORIENTED_EDGE('',*,*,#1125,.T.);
#806=ORIENTED_EDGE('',*,*,#1021,.F.);
#807=ORIENTED_EDGE('',*,*,#1124,.T.);
#808=ORIENTED_EDGE('',*,*,#1020,.F.);
#809=ORIENTED_EDGE('',*,*,#1123,.T.);
#810=ORIENTED_EDGE('',*,*,#1019,.F.);
#811=ORIENTED_EDGE('',*,*,#1122,.T.);
#812=ORIENTED_EDGE('',*,*,#1018,.F.);
#813=ORIENTED_EDGE('',*,*,#1121,.T.);
#814=ORIENTED_EDGE('',*,*,#1017,.F.);
#815=ORIENTED_EDGE('',*,*,#1120,.T.);
#816=ORIENTED_EDGE('',*,*,#1016,.F.);
#817=ORIENTED_EDGE('',*,*,#1119,.T.);
#818=ORIENTED_EDGE('',*,*,#1015,.F.);
#819=ORIENTED_EDGE('',*,*,#1118,.T.);
#820=ORIENTED_EDGE('',*,*,#1014,.F.);
#821=ORIENTED_EDGE('',*,*,#1117,.T.);
#822=ORIENTED_EDGE('',*,*,#1013,.F.);
#823=ORIENTED_EDGE('',*,*,#1116,.T.);
#824=ORIENTED_EDGE('',*,*,#1012,.F.);
#825=ORIENTED_EDGE('',*,*,#1115,.T.);
#826=ORIENTED_EDGE('',*,*,#1011,.F.);
#827=ORIENTED_EDGE('',*,*,#1114,.T.);
#828=ORIENTED_EDGE('',*,*,#1010,.F.);
#829=ORIENTED_EDGE('',*,*,#1113,.T.);
#830=ORIENTED_EDGE('',*,*,#1009,.F.);
#831=ORIENTED_EDGE('',*,*,#1112,.T.);
#832=ORIENTED_EDGE('',*,*,#1008,.F.);
#833=ORIENTED_EDGE('',*,*,#1111,.T.);
#834=ORIENTED_EDGE('',*,*,#1007,.F.);
#835=ORIENTED_EDGE('',*,*,#1110,.T.);
#836=ORIENTED_EDGE('',*,*,#1006,.F.);
#837=ORIENTED_EDGE('',*,*,#1109,.T.);
#838=ORIENTED_EDGE('',*,*,#1005,.F.);
#839=ORIENTED_EDGE('',*,*,#1108,.T.);
#840=ORIENTED_EDGE('',*,*,#1004,.F.);
#841=ORIENTED_EDGE('',*,*,#1107,.T.);
#842=ORIENTED_EDGE('',*,*,#1003,.F.);
#843=ORIENTED_EDGE('',*,*,#1106,.T.);
#844=ORIENTED_EDGE('',*,*,#1002,.F.);
#845=ORIENTED_EDGE('',*,*,#1105,.T.);
#846=ORIENTED_EDGE('',*,*,#1001,.F.);
#847=ORIENTED_EDGE('',*,*,#1104,.T.);
#848=ORIENTED_EDGE('',*,*,#1000,.F.);
#849=ORIENTED_EDGE('',*,*,#1103,.T.);
#850=ORIENTED_EDGE('',*,*,#999,.F.);
#851=ORIENTED_EDGE('',*,*,#1102,.T.);
#852=ORIENTED_EDGE('',*,*,#998,.F.);
#853=ORIENTED_EDGE('',*,*,#1101,.T.);
#854=ORIENTED_EDGE('',*,*,#997,.F.);
#855=ORIENTED_EDGE('',*,*,#1100,.T.);
#856=ORIENTED_EDGE('',*,*,#996,.F.);
#857=ORIENTED_EDGE('',*,*,#1099,.T.);
#858=ORIENTED_EDGE('',*,*,#995,.F.);
#859=ORIENTED_EDGE('',*,*,#1098,.T.);
#860=ORIENTED_EDGE('',*,*,#994,.F.);
#861=ORIENTED_EDGE('',*,*,#1097,.T.);
#862=ORIENTED_EDGE('',*,*,#993,.F.);
#863=ORIENTED_EDGE('',*,*,#1096,.T.);
#864=ORIENTED_EDGE('',*,*,#992,.F.);
#865=ORIENTED_EDGE('',*,*,#1095,.T.);
#866=ORIENTED_EDGE('',*,*,#991,.F.);
#867=ORIENTED_EDGE('',*,*,#1094,.T.);
#868=ORIENTED_EDGE('',*,*,#990,.F.);
#869=ORIENTED_EDGE('',*,*,#1093,.T.);
#870=ORIENTED_EDGE('',*,*,#989,.F.);
#871=ORIENTED_EDGE('',*,*,#1092,.T.);
#872=ORIENTED_EDGE('',*,*,#988,.F.);
#873=ORIENTED_EDGE('',*,*,#1091,.T.);
#874=ORIENTED_EDGE('',*,*,#987,.F.);
#875=ORIENTED_EDGE('',*,*,#1090,.T.);
#876=ORIENTED_EDGE('',*,*,#986,.F.);
#877=ORIENTED_EDGE('',*,*,#1089,.T.);
#878=ORIENTED_EDGE('',*,*,#985,.F.);
#879=ORIENTED_EDGE('',*,*,#1088,.T.);
#880=ORIENTED_EDGE('',*,*,#984,.F.);
#881=ORIENTED_EDGE('',*,*,#1087,.T.);
#882=ORIENTED_EDGE('',*,*,#983,.F.);
#883=ORIENTED_EDGE('',*,*,#1086,.T.);
#884=ORIENTED_EDGE('',*,*,#982,.F.);
#885=ORIENTED_EDGE('',*,*,#1085,.T.);
#886=ORIENTED_EDGE('',*,*,#981,.F.);
#887=ORIENTED_EDGE('',*,*,#1084,.T.);
#888=ORIENTED_EDGE('',*,*,#980,.F.);
#889=ORIENTED_EDGE('',*,*,#1083,.T.);
#890=ORIENTED_EDGE('',*,*,#979,.F.);
#891=ORIENTED_EDGE('',*,*,#1237,.F.);
#892=ORIENTED_EDGE('',*,*,#1080,.F.);
#893=ORIENTED_EDGE('',*,*,#1238,.F.);
#894=ORIENTED_EDGE('',*,*,#1218,.F.);
#895=ORIENTED_EDGE('',*,*,#1238,.T.);
#896=ORIENTED_EDGE('',*,*,#1079,.F.);
#897=ORIENTED_EDGE('',*,*,#1239,.F.);
#898=ORIENTED_EDGE('',*,*,#1216,.F.);
#899=ORIENTED_EDGE('',*,*,#1237,.T.);
#900=ORIENTED_EDGE('',*,*,#1220,.F.);
#901=ORIENTED_EDGE('',*,*,#1240,.F.);
#902=ORIENTED_EDGE('',*,*,#1081,.F.);
#903=ORIENTED_EDGE('',*,*,#1239,.T.);
#904=ORIENTED_EDGE('',*,*,#1078,.F.);
#905=ORIENTED_EDGE('',*,*,#1241,.F.);
#906=ORIENTED_EDGE('',*,*,#1213,.F.);
#907=ORIENTED_EDGE('',*,*,#1240,.T.);
#908=ORIENTED_EDGE('',*,*,#1222,.F.);
#909=ORIENTED_EDGE('',*,*,#1242,.F.);
#910=ORIENTED_EDGE('',*,*,#1082,.F.);
#911=ORIENTED_EDGE('',*,*,#1241,.T.);
#912=ORIENTED_EDGE('',*,*,#1077,.F.);
#913=ORIENTED_EDGE('',*,*,#1243,.F.);
#914=ORIENTED_EDGE('',*,*,#1224,.F.);
#915=ORIENTED_EDGE('',*,*,#1242,.T.);
#916=ORIENTED_EDGE('',*,*,#1223,.F.);
#917=ORIENTED_EDGE('',*,*,#1244,.F.);
#918=ORIENTED_EDGE('',*,*,#1075,.F.);
#919=ORIENTED_EDGE('',*,*,#1243,.T.);
#920=ORIENTED_EDGE('',*,*,#1076,.F.);
#921=ORIENTED_EDGE('',*,*,#1244,.T.);
#922=ORIENTED_EDGE('',*,*,#956,.F.);
#923=ORIENTED_EDGE('',*,*,#967,.F.);
#924=ORIENTED_EDGE('',*,*,#1245,.T.);
#925=ORIENTED_EDGE('',*,*,#960,.T.);
#926=ORIENTED_EDGE('',*,*,#1246,.F.);
#927=ORIENTED_EDGE('',*,*,#971,.F.);
#928=ORIENTED_EDGE('',*,*,#1247,.T.);
#929=ORIENTED_EDGE('',*,*,#964,.T.);
#930=ORIENTED_EDGE('',*,*,#1248,.F.);
#931=ORIENTED_EDGE('',*,*,#1248,.T.);
#932=ORIENTED_EDGE('',*,*,#963,.T.);
#933=ORIENTED_EDGE('',*,*,#1249,.F.);
#934=ORIENTED_EDGE('',*,*,#972,.F.);
#935=ORIENTED_EDGE('',*,*,#973,.T.);
#936=ORIENTED_EDGE('',*,*,#1249,.T.);
#937=ORIENTED_EDGE('',*,*,#962,.F.);
#938=ORIENTED_EDGE('',*,*,#1250,.F.);
#939=ORIENTED_EDGE('',*,*,#1250,.T.);
#940=ORIENTED_EDGE('',*,*,#961,.T.);
#941=ORIENTED_EDGE('',*,*,#1245,.F.);
#942=ORIENTED_EDGE('',*,*,#974,.F.);
#943=ORIENTED_EDGE('',*,*,#1246,.T.);
#944=ORIENTED_EDGE('',*,*,#959,.T.);
#945=ORIENTED_EDGE('',*,*,#1251,.F.);
#946=ORIENTED_EDGE('',*,*,#968,.F.);
#947=ORIENTED_EDGE('',*,*,#1251,.T.);
#948=ORIENTED_EDGE('',*,*,#966,.T.);
#949=ORIENTED_EDGE('',*,*,#1252,.F.);
#950=ORIENTED_EDGE('',*,*,#969,.F.);
#951=ORIENTED_EDGE('',*,*,#1252,.T.);
#952=ORIENTED_EDGE('',*,*,#965,.T.);
#953=ORIENTED_EDGE('',*,*,#1247,.F.);
#954=ORIENTED_EDGE('',*,*,#970,.F.);
#955=EDGE_CURVE('',#1253,#1254,#1511,.T.);
#956=EDGE_CURVE('',#1254,#1255,#1512,.T.);
#957=EDGE_CURVE('',#1256,#1255,#1513,.T.);
#958=EDGE_CURVE('',#1253,#1256,#1514,.T.);
#959=EDGE_CURVE('',#1257,#1258,#129,.T.);
#960=EDGE_CURVE('',#1259,#1257,#1515,.T.);
#961=EDGE_CURVE('',#1260,#1259,#130,.T.);
#962=EDGE_CURVE('',#1260,#1261,#1516,.T.);
#963=EDGE_CURVE('',#1262,#1261,#131,.T.);
#964=EDGE_CURVE('',#1263,#1262,#1517,.T.);
#965=EDGE_CURVE('',#1264,#1263,#132,.T.);
#966=EDGE_CURVE('',#1258,#1264,#1518,.T.);
#967=EDGE_CURVE('',#1265,#1266,#1519,.T.);
#968=EDGE_CURVE('',#1266,#1267,#133,.T.);
#969=EDGE_CURVE('',#1267,#1268,#1520,.T.);
#970=EDGE_CURVE('',#1268,#1269,#134,.T.);
#971=EDGE_CURVE('',#1269,#1270,#1521,.T.);
#972=EDGE_CURVE('',#1270,#1271,#135,.T.);
#973=EDGE_CURVE('',#1272,#1271,#1522,.T.);
#974=EDGE_CURVE('',#1272,#1265,#136,.T.);
#975=EDGE_CURVE('',#1273,#1274,#1523,.T.);
#976=EDGE_CURVE('',#1275,#1274,#1524,.T.);
#977=EDGE_CURVE('',#1276,#1275,#1525,.T.);
#978=EDGE_CURVE('',#1276,#1273,#1526,.T.);
#979=EDGE_CURVE('',#1277,#1277,#137,.T.);
#980=EDGE_CURVE('',#1278,#1278,#138,.T.);
#981=EDGE_CURVE('',#1279,#1279,#139,.T.);
#982=EDGE_CURVE('',#1280,#1280,#140,.T.);
#983=EDGE_CURVE('',#1281,#1281,#141,.T.);
#984=EDGE_CURVE('',#1282,#1282,#142,.T.);
#985=EDGE_CURVE('',#1283,#1283,#143,.T.);
#986=EDGE_CURVE('',#1284,#1284,#144,.T.);
#987=EDGE_CURVE('',#1285,#1285,#145,.T.);
#988=EDGE_CURVE('',#1286,#1286,#146,.T.);
#989=EDGE_CURVE('',#1287,#1287,#147,.T.);
#990=EDGE_CURVE('',#1288,#1288,#148,.T.);
#991=EDGE_CURVE('',#1289,#1289,#149,.T.);
#992=EDGE_CURVE('',#1290,#1290,#150,.T.);
#993=EDGE_CURVE('',#1291,#1291,#151,.T.);
#994=EDGE_CURVE('',#1292,#1292,#152,.T.);
#995=EDGE_CURVE('',#1293,#1293,#153,.T.);
#996=EDGE_CURVE('',#1294,#1294,#154,.T.);
#997=EDGE_CURVE('',#1295,#1295,#155,.T.);
#998=EDGE_CURVE('',#1296,#1296,#156,.T.);
#999=EDGE_CURVE('',#1297,#1297,#157,.T.);
#1000=EDGE_CURVE('',#1298,#1298,#158,.T.);
#1001=EDGE_CURVE('',#1299,#1299,#159,.T.);
#1002=EDGE_CURVE('',#1300,#1300,#160,.T.);
#1003=EDGE_CURVE('',#1301,#1301,#161,.T.);
#1004=EDGE_CURVE('',#1302,#1302,#162,.T.);
#1005=EDGE_CURVE('',#1303,#1303,#163,.T.);
#1006=EDGE_CURVE('',#1304,#1304,#164,.T.);
#1007=EDGE_CURVE('',#1305,#1305,#165,.T.);
#1008=EDGE_CURVE('',#1306,#1306,#166,.T.);
#1009=EDGE_CURVE('',#1307,#1307,#167,.T.);
#1010=EDGE_CURVE('',#1308,#1308,#168,.T.);
#1011=EDGE_CURVE('',#1309,#1309,#169,.T.);
#1012=EDGE_CURVE('',#1310,#1310,#170,.T.);
#1013=EDGE_CURVE('',#1311,#1311,#171,.T.);
#1014=EDGE_CURVE('',#1312,#1312,#172,.T.);
#1015=EDGE_CURVE('',#1313,#1313,#173,.T.);
#1016=EDGE_CURVE('',#1314,#1314,#174,.T.);
#1017=EDGE_CURVE('',#1315,#1315,#175,.T.);
#1018=EDGE_CURVE('',#1316,#1316,#176,.T.);
#1019=EDGE_CURVE('',#1317,#1317,#177,.T.);
#1020=EDGE_CURVE('',#1318,#1318,#178,.T.);
#1021=EDGE_CURVE('',#1319,#1319,#179,.T.);
#1022=EDGE_CURVE('',#1320,#1320,#180,.T.);
#1023=EDGE_CURVE('',#1321,#1321,#181,.T.);
#1024=EDGE_CURVE('',#1322,#1322,#182,.T.);
#1025=EDGE_CURVE('',#1323,#1323,#183,.T.);
#1026=EDGE_CURVE('',#1324,#1324,#184,.T.);
#1027=EDGE_CURVE('',#1325,#1325,#185,.T.);
#1028=EDGE_CURVE('',#1326,#1326,#186,.T.);
#1029=EDGE_CURVE('',#1327,#1327,#187,.T.);
#1030=EDGE_CURVE('',#1328,#1328,#188,.T.);
#1031=EDGE_CURVE('',#1329,#1329,#189,.T.);
#1032=EDGE_CURVE('',#1330,#1330,#190,.T.);
#1033=EDGE_CURVE('',#1331,#1331,#191,.T.);
#1034=EDGE_CURVE('',#1332,#1332,#192,.T.);
#1035=EDGE_CURVE('',#1333,#1333,#193,.T.);
#1036=EDGE_CURVE('',#1334,#1334,#194,.T.);
#1037=EDGE_CURVE('',#1335,#1335,#195,.T.);
#1038=EDGE_CURVE('',#1336,#1336,#196,.T.);
#1039=EDGE_CURVE('',#1337,#1337,#197,.T.);
#1040=EDGE_CURVE('',#1338,#1338,#198,.T.);
#1041=EDGE_CURVE('',#1339,#1339,#199,.T.);
#1042=EDGE_CURVE('',#1340,#1340,#200,.T.);
#1043=EDGE_CURVE('',#1341,#1341,#201,.T.);
#1044=EDGE_CURVE('',#1342,#1342,#202,.T.);
#1045=EDGE_CURVE('',#1343,#1343,#203,.T.);
#1046=EDGE_CURVE('',#1344,#1344,#204,.T.);
#1047=EDGE_CURVE('',#1345,#1345,#205,.T.);
#1048=EDGE_CURVE('',#1346,#1346,#206,.T.);
#1049=EDGE_CURVE('',#1347,#1347,#207,.T.);
#1050=EDGE_CURVE('',#1348,#1348,#208,.T.);
#1051=EDGE_CURVE('',#1349,#1349,#209,.T.);
#1052=EDGE_CURVE('',#1350,#1350,#210,.T.);
#1053=EDGE_CURVE('',#1351,#1351,#211,.T.);
#1054=EDGE_CURVE('',#1352,#1352,#212,.T.);
#1055=EDGE_CURVE('',#1353,#1353,#213,.T.);
#1056=EDGE_CURVE('',#1354,#1354,#214,.T.);
#1057=EDGE_CURVE('',#1355,#1355,#215,.T.);
#1058=EDGE_CURVE('',#1356,#1356,#216,.T.);
#1059=EDGE_CURVE('',#1275,#1357,#217,.T.);
#1060=EDGE_CURVE('',#1357,#1358,#1527,.T.);
#1061=EDGE_CURVE('',#1358,#1359,#218,.T.);
#1062=EDGE_CURVE('',#1359,#1360,#1528,.T.);
#1063=EDGE_CURVE('',#1360,#1361,#219,.T.);
#1064=EDGE_CURVE('',#1361,#1362,#1529,.T.);
#1065=EDGE_CURVE('',#1362,#1276,#220,.T.);
#1066=EDGE_CURVE('',#1363,#1364,#221,.T.);
#1067=EDGE_CURVE('',#1364,#1365,#1530,.T.);
#1068=EDGE_CURVE('',#1365,#1366,#222,.T.);
#1069=EDGE_CURVE('',#1366,#1367,#1531,.T.);
#1070=EDGE_CURVE('',#1367,#1368,#223,.T.);
#1071=EDGE_CURVE('',#1368,#1369,#1532,.T.);
#1072=EDGE_CURVE('',#1369,#1370,#224,.T.);
#1073=EDGE_CURVE('',#1370,#1363,#1533,.T.);
#1074=EDGE_CURVE('',#1371,#1371,#225,.T.);
#1075=EDGE_CURVE('',#1372,#1373,#226,.T.);
#1076=EDGE_CURVE('',#1373,#1374,#1534,.F.);
#1077=EDGE_CURVE('',#1374,#1375,#227,.T.);
#1078=EDGE_CURVE('',#1375,#1376,#1535,.F.);
#1079=EDGE_CURVE('',#1376,#1377,#228,.T.);
#1080=EDGE_CURVE('',#1377,#1378,#1536,.F.);
#1081=EDGE_CURVE('',#1378,#1379,#229,.T.);
#1082=EDGE_CURVE('',#1379,#1372,#1537,.F.);
#1083=EDGE_CURVE('',#1380,#1380,#230,.T.);
#1084=EDGE_CURVE('',#1381,#1381,#231,.T.);
#1085=EDGE_CURVE('',#1382,#1382,#232,.T.);
#1086=EDGE_CURVE('',#1383,#1383,#233,.T.);
#1087=EDGE_CURVE('',#1384,#1384,#234,.T.);
#1088=EDGE_CURVE('',#1385,#1385,#235,.T.);
#1089=EDGE_CURVE('',#1386,#1386,#236,.T.);
#1090=EDGE_CURVE('',#1387,#1387,#237,.T.);
#1091=EDGE_CURVE('',#1388,#1388,#238,.T.);
#1092=EDGE_CURVE('',#1389,#1389,#239,.T.);
#1093=EDGE_CURVE('',#1390,#1390,#240,.T.);
#1094=EDGE_CURVE('',#1391,#1391,#241,.T.);
#1095=EDGE_CURVE('',#1392,#1392,#242,.T.);
#1096=EDGE_CURVE('',#1393,#1393,#243,.T.);
#1097=EDGE_CURVE('',#1394,#1394,#244,.T.);
#1098=EDGE_CURVE('',#1395,#1395,#245,.T.);
#1099=EDGE_CURVE('',#1396,#1396,#246,.T.);
#1100=EDGE_CURVE('',#1397,#1397,#247,.T.);
#1101=EDGE_CURVE('',#1398,#1398,#248,.T.);
#1102=EDGE_CURVE('',#1399,#1399,#249,.T.);
#1103=EDGE_CURVE('',#1400,#1400,#250,.T.);
#1104=EDGE_CURVE('',#1401,#1401,#251,.T.);
#1105=EDGE_CURVE('',#1402,#1402,#252,.T.);
#1106=EDGE_CURVE('',#1403,#1403,#253,.T.);
#1107=EDGE_CURVE('',#1404,#1404,#254,.T.);
#1108=EDGE_CURVE('',#1405,#1405,#255,.T.);
#1109=EDGE_CURVE('',#1406,#1406,#256,.T.);
#1110=EDGE_CURVE('',#1407,#1407,#257,.T.);
#1111=EDGE_CURVE('',#1408,#1408,#258,.T.);
#1112=EDGE_CURVE('',#1409,#1409,#259,.T.);
#1113=EDGE_CURVE('',#1410,#1410,#260,.T.);
#1114=EDGE_CURVE('',#1411,#1411,#261,.T.);
#1115=EDGE_CURVE('',#1412,#1412,#262,.T.);
#1116=EDGE_CURVE('',#1413,#1413,#263,.T.);
#1117=EDGE_CURVE('',#1414,#1414,#264,.T.);
#1118=EDGE_CURVE('',#1415,#1415,#265,.T.);
#1119=EDGE_CURVE('',#1416,#1416,#266,.T.);
#1120=EDGE_CURVE('',#1417,#1417,#267,.T.);
#1121=EDGE_CURVE('',#1418,#1418,#268,.T.);
#1122=EDGE_CURVE('',#1419,#1419,#269,.T.);
#1123=EDGE_CURVE('',#1420,#1420,#270,.T.);
#1124=EDGE_CURVE('',#1421,#1421,#271,.T.);
#1125=EDGE_CURVE('',#1422,#1422,#272,.T.);
#1126=EDGE_CURVE('',#1423,#1423,#273,.T.);
#1127=EDGE_CURVE('',#1424,#1424,#274,.T.);
#1128=EDGE_CURVE('',#1425,#1425,#275,.T.);
#1129=EDGE_CURVE('',#1426,#1426,#276,.T.);
#1130=EDGE_CURVE('',#1427,#1427,#277,.T.);
#1131=EDGE_CURVE('',#1428,#1428,#278,.T.);
#1132=EDGE_CURVE('',#1429,#1429,#279,.T.);
#1133=EDGE_CURVE('',#1430,#1430,#280,.T.);
#1134=EDGE_CURVE('',#1431,#1431,#281,.T.);
#1135=EDGE_CURVE('',#1432,#1432,#282,.T.);
#1136=EDGE_CURVE('',#1433,#1433,#283,.T.);
#1137=EDGE_CURVE('',#1434,#1434,#284,.T.);
#1138=EDGE_CURVE('',#1435,#1435,#285,.T.);
#1139=EDGE_CURVE('',#1436,#1436,#286,.T.);
#1140=EDGE_CURVE('',#1437,#1437,#287,.T.);
#1141=EDGE_CURVE('',#1438,#1438,#288,.T.);
#1142=EDGE_CURVE('',#1439,#1439,#289,.T.);
#1143=EDGE_CURVE('',#1440,#1440,#290,.T.);
#1144=EDGE_CURVE('',#1441,#1441,#291,.T.);
#1145=EDGE_CURVE('',#1442,#1442,#292,.T.);
#1146=EDGE_CURVE('',#1443,#1443,#293,.T.);
#1147=EDGE_CURVE('',#1444,#1444,#294,.T.);
#1148=EDGE_CURVE('',#1445,#1445,#295,.T.);
#1149=EDGE_CURVE('',#1446,#1446,#296,.T.);
#1150=EDGE_CURVE('',#1447,#1447,#297,.T.);
#1151=EDGE_CURVE('',#1448,#1448,#298,.T.);
#1152=EDGE_CURVE('',#1449,#1449,#299,.T.);
#1153=EDGE_CURVE('',#1450,#1450,#300,.T.);
#1154=EDGE_CURVE('',#1451,#1451,#301,.T.);
#1155=EDGE_CURVE('',#1452,#1452,#302,.T.);
#1156=EDGE_CURVE('',#1453,#1453,#303,.T.);
#1157=EDGE_CURVE('',#1454,#1454,#304,.T.);
#1158=EDGE_CURVE('',#1455,#1455,#305,.T.);
#1159=EDGE_CURVE('',#1456,#1456,#306,.T.);
#1160=EDGE_CURVE('',#1457,#1457,#307,.T.);
#1161=EDGE_CURVE('',#1458,#1458,#308,.T.);
#1162=EDGE_CURVE('',#1459,#1459,#309,.T.);
#1163=EDGE_CURVE('',#1460,#1461,#1538,.T.);
#1164=EDGE_CURVE('',#1462,#1460,#310,.T.);
#1165=EDGE_CURVE('',#1463,#1462,#1539,.T.);
#1166=EDGE_CURVE('',#1464,#1463,#311,.T.);
#1167=EDGE_CURVE('',#1465,#1464,#1540,.T.);
#1168=EDGE_CURVE('',#1466,#1465,#312,.T.);
#1169=EDGE_CURVE('',#1467,#1466,#1541,.T.);
#1170=EDGE_CURVE('',#1461,#1467,#313,.T.);
#1171=EDGE_CURVE('',#1468,#1468,#314,.T.);
#1172=EDGE_CURVE('',#1469,#1470,#1542,.T.);
#1173=EDGE_CURVE('',#1358,#1470,#1543,.T.);
#1174=EDGE_CURVE('',#1357,#1469,#1544,.T.);
#1175=EDGE_CURVE('',#1470,#1471,#315,.T.);
#1176=EDGE_CURVE('',#1359,#1471,#1545,.T.);
#1177=EDGE_CURVE('',#1471,#1472,#1546,.T.);
#1178=EDGE_CURVE('',#1360,#1472,#1547,.T.);
#1179=EDGE_CURVE('',#1472,#1473,#316,.T.);
#1180=EDGE_CURVE('',#1361,#1473,#1548,.T.);
#1181=EDGE_CURVE('',#1473,#1474,#1549,.T.);
#1182=EDGE_CURVE('',#1362,#1474,#1550,.T.);
#1183=EDGE_CURVE('',#1474,#1273,#317,.T.);
#1184=EDGE_CURVE('',#1274,#1469,#318,.T.);
#1185=EDGE_CURVE('',#1475,#1475,#319,.T.);
#1186=EDGE_CURVE('',#1476,#1476,#320,.T.);
#1187=EDGE_CURVE('',#1477,#1477,#321,.T.);
#1188=EDGE_CURVE('',#1478,#1478,#322,.T.);
#1189=EDGE_CURVE('',#1479,#1479,#323,.T.);
#1190=EDGE_CURVE('',#1480,#1480,#324,.T.);
#1191=EDGE_CURVE('',#1481,#1481,#325,.T.);
#1192=EDGE_CURVE('',#1482,#1482,#326,.T.);
#1193=EDGE_CURVE('',#1483,#1483,#327,.T.);
#1194=EDGE_CURVE('',#1484,#1484,#328,.T.);
#1195=EDGE_CURVE('',#1485,#1485,#329,.T.);
#1196=EDGE_CURVE('',#1486,#1486,#330,.T.);
#1197=EDGE_CURVE('',#1487,#1488,#1551,.T.);
#1198=EDGE_CURVE('',#1253,#1488,#331,.T.);
#1199=EDGE_CURVE('',#1256,#1489,#332,.T.);
#1200=EDGE_CURVE('',#1489,#1490,#1552,.T.);
#1201=EDGE_CURVE('',#1491,#1490,#333,.T.);
#1202=EDGE_CURVE('',#1491,#1492,#1553,.T.);
#1203=EDGE_CURVE('',#1487,#1492,#334,.T.);
#1204=EDGE_CURVE('',#1460,#1364,#1554,.T.);
#1205=EDGE_CURVE('',#1461,#1365,#1555,.T.);
#1206=EDGE_CURVE('',#1467,#1366,#1556,.T.);
#1207=EDGE_CURVE('',#1466,#1367,#1557,.T.);
#1208=EDGE_CURVE('',#1465,#1368,#1558,.T.);
#1209=EDGE_CURVE('',#1464,#1369,#1559,.T.);
#1210=EDGE_CURVE('',#1463,#1370,#1560,.T.);
#1211=EDGE_CURVE('',#1462,#1363,#1561,.T.);
#1212=EDGE_CURVE('',#1487,#1493,#1562,.T.);
#1213=EDGE_CURVE('',#1493,#1494,#1563,.T.);
#1214=EDGE_CURVE('',#1488,#1494,#1564,.T.);
#1215=EDGE_CURVE('',#1492,#1495,#1565,.T.);
#1216=EDGE_CURVE('',#1495,#1493,#335,.F.);
#1217=EDGE_CURVE('',#1491,#1496,#1566,.T.);
#1218=EDGE_CURVE('',#1496,#1495,#1567,.T.);
#1219=EDGE_CURVE('',#1490,#1497,#1568,.T.);
#1220=EDGE_CURVE('',#1497,#1496,#336,.F.);
#1221=EDGE_CURVE('',#1489,#1498,#1569,.T.);
#1222=EDGE_CURVE('',#1498,#1497,#1570,.T.);
#1223=EDGE_CURVE('',#1255,#1498,#337,.F.);
#1224=EDGE_CURVE('',#1494,#1254,#338,.F.);
#1225=EDGE_CURVE('',#1499,#1499,#339,.T.);
#1226=EDGE_CURVE('',#1500,#1500,#340,.T.);
#1227=EDGE_CURVE('',#1501,#1501,#341,.T.);
#1228=EDGE_CURVE('',#1502,#1502,#342,.T.);
#1229=EDGE_CURVE('',#1503,#1503,#343,.T.);
#1230=EDGE_CURVE('',#1504,#1504,#344,.T.);
#1231=EDGE_CURVE('',#1505,#1505,#345,.T.);
#1232=EDGE_CURVE('',#1506,#1506,#346,.T.);
#1233=EDGE_CURVE('',#1507,#1507,#347,.T.);
#1234=EDGE_CURVE('',#1508,#1508,#348,.T.);
#1235=EDGE_CURVE('',#1509,#1509,#349,.T.);
#1236=EDGE_CURVE('',#1510,#1510,#350,.T.);
#1237=EDGE_CURVE('',#1378,#1496,#351,.T.);
#1238=EDGE_CURVE('',#1495,#1377,#352,.T.);
#1239=EDGE_CURVE('',#1493,#1376,#353,.T.);
#1240=EDGE_CURVE('',#1379,#1497,#354,.T.);
#1241=EDGE_CURVE('',#1494,#1375,#355,.T.);
#1242=EDGE_CURVE('',#1372,#1498,#356,.T.);
#1243=EDGE_CURVE('',#1254,#1374,#357,.T.);
#1244=EDGE_CURVE('',#1373,#1255,#358,.T.);
#1245=EDGE_CURVE('',#1265,#1259,#1571,.T.);
#1246=EDGE_CURVE('',#1266,#1257,#1572,.T.);
#1247=EDGE_CURVE('',#1269,#1263,#1573,.T.);
#1248=EDGE_CURVE('',#1270,#1262,#1574,.T.);
#1249=EDGE_CURVE('',#1271,#1261,#1575,.T.);
#1250=EDGE_CURVE('',#1272,#1260,#1576,.T.);
#1251=EDGE_CURVE('',#1267,#1258,#1577,.T.);
#1252=EDGE_CURVE('',#1268,#1264,#1578,.T.);
#1253=VERTEX_POINT('',#3886);
#1254=VERTEX_POINT('',#3887);
#1255=VERTEX_POINT('',#3889);
#1256=VERTEX_POINT('',#3891);
#1257=VERTEX_POINT('',#3894);
#1258=VERTEX_POINT('',#3895);
#1259=VERTEX_POINT('',#3897);
#1260=VERTEX_POINT('',#3899);
#1261=VERTEX_POINT('',#3901);
#1262=VERTEX_POINT('',#3903);
#1263=VERTEX_POINT('',#3905);
#1264=VERTEX_POINT('',#3907);
#1265=VERTEX_POINT('',#3911);
#1266=VERTEX_POINT('',#3912);
#1267=VERTEX_POINT('',#3914);
#1268=VERTEX_POINT('',#3916);
#1269=VERTEX_POINT('',#3918);
#1270=VERTEX_POINT('',#3920);
#1271=VERTEX_POINT('',#3922);
#1272=VERTEX_POINT('',#3924);
#1273=VERTEX_POINT('',#3927);
#1274=VERTEX_POINT('',#3928);
#1275=VERTEX_POINT('',#3930);
#1276=VERTEX_POINT('',#3932);
#1277=VERTEX_POINT('',#3936);
#1278=VERTEX_POINT('',#3938);
#1279=VERTEX_POINT('',#3940);
#1280=VERTEX_POINT('',#3942);
#1281=VERTEX_POINT('',#3944);
#1282=VERTEX_POINT('',#3946);
#1283=VERTEX_POINT('',#3948);
#1284=VERTEX_POINT('',#3950);
#1285=VERTEX_POINT('',#3952);
#1286=VERTEX_POINT('',#3954);
#1287=VERTEX_POINT('',#3956);
#1288=VERTEX_POINT('',#3958);
#1289=VERTEX_POINT('',#3960);
#1290=VERTEX_POINT('',#3962);
#1291=VERTEX_POINT('',#3964);
#1292=VERTEX_POINT('',#3966);
#1293=VERTEX_POINT('',#3968);
#1294=VERTEX_POINT('',#3970);
#1295=VERTEX_POINT('',#3972);
#1296=VERTEX_POINT('',#3974);
#1297=VERTEX_POINT('',#3976);
#1298=VERTEX_POINT('',#3978);
#1299=VERTEX_POINT('',#3980);
#1300=VERTEX_POINT('',#3982);
#1301=VERTEX_POINT('',#3984);
#1302=VERTEX_POINT('',#3986);
#1303=VERTEX_POINT('',#3988);
#1304=VERTEX_POINT('',#3990);
#1305=VERTEX_POINT('',#3992);
#1306=VERTEX_POINT('',#3994);
#1307=VERTEX_POINT('',#3996);
#1308=VERTEX_POINT('',#3998);
#1309=VERTEX_POINT('',#4000);
#1310=VERTEX_POINT('',#4002);
#1311=VERTEX_POINT('',#4004);
#1312=VERTEX_POINT('',#4006);
#1313=VERTEX_POINT('',#4008);
#1314=VERTEX_POINT('',#4010);
#1315=VERTEX_POINT('',#4012);
#1316=VERTEX_POINT('',#4014);
#1317=VERTEX_POINT('',#4016);
#1318=VERTEX_POINT('',#4018);
#1319=VERTEX_POINT('',#4020);
#1320=VERTEX_POINT('',#4022);
#1321=VERTEX_POINT('',#4024);
#1322=VERTEX_POINT('',#4026);
#1323=VERTEX_POINT('',#4028);
#1324=VERTEX_POINT('',#4030);
#1325=VERTEX_POINT('',#4032);
#1326=VERTEX_POINT('',#4034);
#1327=VERTEX_POINT('',#4036);
#1328=VERTEX_POINT('',#4038);
#1329=VERTEX_POINT('',#4040);
#1330=VERTEX_POINT('',#4042);
#1331=VERTEX_POINT('',#4044);
#1332=VERTEX_POINT('',#4046);
#1333=VERTEX_POINT('',#4048);
#1334=VERTEX_POINT('',#4050);
#1335=VERTEX_POINT('',#4052);
#1336=VERTEX_POINT('',#4054);
#1337=VERTEX_POINT('',#4056);
#1338=VERTEX_POINT('',#4058);
#1339=VERTEX_POINT('',#4060);
#1340=VERTEX_POINT('',#4062);
#1341=VERTEX_POINT('',#4064);
#1342=VERTEX_POINT('',#4066);
#1343=VERTEX_POINT('',#4068);
#1344=VERTEX_POINT('',#4070);
#1345=VERTEX_POINT('',#4072);
#1346=VERTEX_POINT('',#4074);
#1347=VERTEX_POINT('',#4076);
#1348=VERTEX_POINT('',#4078);
#1349=VERTEX_POINT('',#4080);
#1350=VERTEX_POINT('',#4082);
#1351=VERTEX_POINT('',#4084);
#1352=VERTEX_POINT('',#4086);
#1353=VERTEX_POINT('',#4088);
#1354=VERTEX_POINT('',#4090);
#1355=VERTEX_POINT('',#4092);
#1356=VERTEX_POINT('',#4094);
#1357=VERTEX_POINT('',#4096);
#1358=VERTEX_POINT('',#4098);
#1359=VERTEX_POINT('',#4100);
#1360=VERTEX_POINT('',#4102);
#1361=VERTEX_POINT('',#4104);
#1362=VERTEX_POINT('',#4106);
#1363=VERTEX_POINT('',#4109);
#1364=VERTEX_POINT('',#4110);
#1365=VERTEX_POINT('',#4112);
#1366=VERTEX_POINT('',#4114);
#1367=VERTEX_POINT('',#4116);
#1368=VERTEX_POINT('',#4118);
#1369=VERTEX_POINT('',#4120);
#1370=VERTEX_POINT('',#4122);
#1371=VERTEX_POINT('',#4125);
#1372=VERTEX_POINT('',#4128);
#1373=VERTEX_POINT('',#4129);
#1374=VERTEX_POINT('',#4131);
#1375=VERTEX_POINT('',#4133);
#1376=VERTEX_POINT('',#4135);
#1377=VERTEX_POINT('',#4137);
#1378=VERTEX_POINT('',#4139);
#1379=VERTEX_POINT('',#4141);
#1380=VERTEX_POINT('',#4144);
#1381=VERTEX_POINT('',#4146);
#1382=VERTEX_POINT('',#4148);
#1383=VERTEX_POINT('',#4150);
#1384=VERTEX_POINT('',#4152);
#1385=VERTEX_POINT('',#4154);
#1386=VERTEX_POINT('',#4156);
#1387=VERTEX_POINT('',#4158);
#1388=VERTEX_POINT('',#4160);
#1389=VERTEX_POINT('',#4162);
#1390=VERTEX_POINT('',#4164);
#1391=VERTEX_POINT('',#4166);
#1392=VERTEX_POINT('',#4168);
#1393=VERTEX_POINT('',#4170);
#1394=VERTEX_POINT('',#4172);
#1395=VERTEX_POINT('',#4174);
#1396=VERTEX_POINT('',#4176);
#1397=VERTEX_POINT('',#4178);
#1398=VERTEX_POINT('',#4180);
#1399=VERTEX_POINT('',#4182);
#1400=VERTEX_POINT('',#4184);
#1401=VERTEX_POINT('',#4186);
#1402=VERTEX_POINT('',#4188);
#1403=VERTEX_POINT('',#4190);
#1404=VERTEX_POINT('',#4192);
#1405=VERTEX_POINT('',#4194);
#1406=VERTEX_POINT('',#4196);
#1407=VERTEX_POINT('',#4198);
#1408=VERTEX_POINT('',#4200);
#1409=VERTEX_POINT('',#4202);
#1410=VERTEX_POINT('',#4204);
#1411=VERTEX_POINT('',#4206);
#1412=VERTEX_POINT('',#4208);
#1413=VERTEX_POINT('',#4210);
#1414=VERTEX_POINT('',#4212);
#1415=VERTEX_POINT('',#4214);
#1416=VERTEX_POINT('',#4216);
#1417=VERTEX_POINT('',#4218);
#1418=VERTEX_POINT('',#4220);
#1419=VERTEX_POINT('',#4222);
#1420=VERTEX_POINT('',#4224);
#1421=VERTEX_POINT('',#4226);
#1422=VERTEX_POINT('',#4228);
#1423=VERTEX_POINT('',#4230);
#1424=VERTEX_POINT('',#4232);
#1425=VERTEX_POINT('',#4234);
#1426=VERTEX_POINT('',#4236);
#1427=VERTEX_POINT('',#4238);
#1428=VERTEX_POINT('',#4240);
#1429=VERTEX_POINT('',#4242);
#1430=VERTEX_POINT('',#4244);
#1431=VERTEX_POINT('',#4246);
#1432=VERTEX_POINT('',#4248);
#1433=VERTEX_POINT('',#4250);
#1434=VERTEX_POINT('',#4252);
#1435=VERTEX_POINT('',#4254);
#1436=VERTEX_POINT('',#4256);
#1437=VERTEX_POINT('',#4258);
#1438=VERTEX_POINT('',#4260);
#1439=VERTEX_POINT('',#4262);
#1440=VERTEX_POINT('',#4264);
#1441=VERTEX_POINT('',#4266);
#1442=VERTEX_POINT('',#4268);
#1443=VERTEX_POINT('',#4270);
#1444=VERTEX_POINT('',#4272);
#1445=VERTEX_POINT('',#4274);
#1446=VERTEX_POINT('',#4276);
#1447=VERTEX_POINT('',#4278);
#1448=VERTEX_POINT('',#4280);
#1449=VERTEX_POINT('',#4282);
#1450=VERTEX_POINT('',#4284);
#1451=VERTEX_POINT('',#4286);
#1452=VERTEX_POINT('',#4288);
#1453=VERTEX_POINT('',#4290);
#1454=VERTEX_POINT('',#4292);
#1455=VERTEX_POINT('',#4294);
#1456=VERTEX_POINT('',#4296);
#1457=VERTEX_POINT('',#4298);
#1458=VERTEX_POINT('',#4300);
#1459=VERTEX_POINT('',#4302);
#1460=VERTEX_POINT('',#4304);
#1461=VERTEX_POINT('',#4305);
#1462=VERTEX_POINT('',#4307);
#1463=VERTEX_POINT('',#4309);
#1464=VERTEX_POINT('',#4311);
#1465=VERTEX_POINT('',#4313);
#1466=VERTEX_POINT('',#4315);
#1467=VERTEX_POINT('',#4317);
#1468=VERTEX_POINT('',#4320);
#1469=VERTEX_POINT('',#4323);
#1470=VERTEX_POINT('',#4324);
#1471=VERTEX_POINT('',#4329);
#1472=VERTEX_POINT('',#4333);
#1473=VERTEX_POINT('',#4337);
#1474=VERTEX_POINT('',#4341);
#1475=VERTEX_POINT('',#4349);
#1476=VERTEX_POINT('',#4351);
#1477=VERTEX_POINT('',#4353);
#1478=VERTEX_POINT('',#4355);
#1479=VERTEX_POINT('',#4357);
#1480=VERTEX_POINT('',#4359);
#1481=VERTEX_POINT('',#4361);
#1482=VERTEX_POINT('',#4363);
#1483=VERTEX_POINT('',#4365);
#1484=VERTEX_POINT('',#4367);
#1485=VERTEX_POINT('',#4369);
#1486=VERTEX_POINT('',#4371);
#1487=VERTEX_POINT('',#4373);
#1488=VERTEX_POINT('',#4374);
#1489=VERTEX_POINT('',#4377);
#1490=VERTEX_POINT('',#4379);
#1491=VERTEX_POINT('',#4381);
#1492=VERTEX_POINT('',#4383);
#1493=VERTEX_POINT('',#4404);
#1494=VERTEX_POINT('',#4406);
#1495=VERTEX_POINT('',#4410);
#1496=VERTEX_POINT('',#4414);
#1497=VERTEX_POINT('',#4418);
#1498=VERTEX_POINT('',#4422);
#1499=VERTEX_POINT('',#4430);
#1500=VERTEX_POINT('',#4434);
#1501=VERTEX_POINT('',#4438);
#1502=VERTEX_POINT('',#4442);
#1503=VERTEX_POINT('',#4446);
#1504=VERTEX_POINT('',#4450);
#1505=VERTEX_POINT('',#4454);
#1506=VERTEX_POINT('',#4458);
#1507=VERTEX_POINT('',#4462);
#1508=VERTEX_POINT('',#4466);
#1509=VERTEX_POINT('',#4470);
#1510=VERTEX_POINT('',#4474);
#1511=LINE('',#3885,#1579);
#1512=LINE('',#3888,#1580);
#1513=LINE('',#3890,#1581);
#1514=LINE('',#3892,#1582);
#1515=LINE('',#3896,#1583);
#1516=LINE('',#3900,#1584);
#1517=LINE('',#3904,#1585);
#1518=LINE('',#3908,#1586);
#1519=LINE('',#3910,#1587);
#1520=LINE('',#3915,#1588);
#1521=LINE('',#3919,#1589);
#1522=LINE('',#3923,#1590);
#1523=LINE('',#3926,#1591);
#1524=LINE('',#3929,#1592);
#1525=LINE('',#3931,#1593);
#1526=LINE('',#3933,#1594);
#1527=LINE('',#4097,#1595);
#1528=LINE('',#4101,#1596);
#1529=LINE('',#4105,#1597);
#1530=LINE('',#4111,#1598);
#1531=LINE('',#4115,#1599);
#1532=LINE('',#4119,#1600);
#1533=LINE('',#4123,#1601);
#1534=LINE('',#4130,#1602);
#1535=LINE('',#4134,#1603);
#1536=LINE('',#4138,#1604);
#1537=LINE('',#4142,#1605);
#1538=LINE('',#4303,#1606);
#1539=LINE('',#4308,#1607);
#1540=LINE('',#4312,#1608);
#1541=LINE('',#4316,#1609);
#1542=LINE('',#4322,#1610);
#1543=LINE('',#4325,#1611);
#1544=LINE('',#4326,#1612);
#1545=LINE('',#4330,#1613);
#1546=LINE('',#4332,#1614);
#1547=LINE('',#4334,#1615);
#1548=LINE('',#4338,#1616);
#1549=LINE('',#4340,#1617);
#1550=LINE('',#4342,#1618);
#1551=LINE('',#4372,#1619);
#1552=LINE('',#4378,#1620);
#1553=LINE('',#4382,#1621);
#1554=LINE('',#4386,#1622);
#1555=LINE('',#4387,#1623);
#1556=LINE('',#4389,#1624);
#1557=LINE('',#4391,#1625);
#1558=LINE('',#4393,#1626);
#1559=LINE('',#4395,#1627);
#1560=LINE('',#4397,#1628);
#1561=LINE('',#4399,#1629);
#1562=LINE('',#4403,#1630);
#1563=LINE('',#4405,#1631);
#1564=LINE('',#4407,#1632);
#1565=LINE('',#4409,#1633);
#1566=LINE('',#4413,#1634);
#1567=LINE('',#4415,#1635);
#1568=LINE('',#4417,#1636);
#1569=LINE('',#4421,#1637);
#1570=LINE('',#4423,#1638);
#1571=LINE('',#4573,#1639);
#1572=LINE('',#4574,#1640);
#1573=LINE('',#4576,#1641);
#1574=LINE('',#4577,#1642);
#1575=LINE('',#4579,#1643);
#1576=LINE('',#4581,#1644);
#1577=LINE('',#4584,#1645);
#1578=LINE('',#4586,#1646);
#1579=VECTOR('',#3061,1.);
#1580=VECTOR('',#3062,1.);
#1581=VECTOR('',#3063,1.);
#1582=VECTOR('',#3064,1.);
#1583=VECTOR('',#3067,1.);
#1584=VECTOR('',#3070,1.);
#1585=VECTOR('',#3073,1.);
#1586=VECTOR('',#3076,1.);
#1587=VECTOR('',#3079,1.);
#1588=VECTOR('',#3082,1.);
#1589=VECTOR('',#3085,1.);
#1590=VECTOR('',#3088,1.);
#1591=VECTOR('',#3091,1.);
#1592=VECTOR('',#3092,1.);
#1593=VECTOR('',#3093,1.);
#1594=VECTOR('',#3094,1.);
#1595=VECTOR('',#3259,1.);
#1596=VECTOR('',#3262,1.);
#1597=VECTOR('',#3265,1.);
#1598=VECTOR('',#3270,1.);
#1599=VECTOR('',#3273,1.);
#1600=VECTOR('',#3276,1.);
#1601=VECTOR('',#3279,1.);
#1602=VECTOR('',#3286,1.);
#1603=VECTOR('',#3289,1.);
#1604=VECTOR('',#3292,1.);
#1605=VECTOR('',#3295,1.);
#1606=VECTOR('',#3456,1.);
#1607=VECTOR('',#3459,1.);
#1608=VECTOR('',#3462,1.);
#1609=VECTOR('',#3465,1.);
#1610=VECTOR('',#3472,1.);
#1611=VECTOR('',#3473,1.);
#1612=VECTOR('',#3474,1.);
#1613=VECTOR('',#3479,1.);
#1614=VECTOR('',#3482,1.);
#1615=VECTOR('',#3483,1.);
#1616=VECTOR('',#3488,1.);
#1617=VECTOR('',#3491,1.);
#1618=VECTOR('',#3492,1.);
#1619=VECTOR('',#3527,1.);
#1620=VECTOR('',#3532,1.);
#1621=VECTOR('',#3535,1.);
#1622=VECTOR('',#3540,1.);
#1623=VECTOR('',#3541,1.);
#1624=VECTOR('',#3544,1.);
#1625=VECTOR('',#3547,1.);
#1626=VECTOR('',#3550,1.);
#1627=VECTOR('',#3553,1.);
#1628=VECTOR('',#3556,1.);
#1629=VECTOR('',#3559,1.);
#1630=VECTOR('',#3566,1.);
#1631=VECTOR('',#3567,1.);
#1632=VECTOR('',#3568,1.);
#1633=VECTOR('',#3571,1.);
#1634=VECTOR('',#3576,1.);
#1635=VECTOR('',#3577,1.);
#1636=VECTOR('',#3580,1.);
#1637=VECTOR('',#3585,1.);
#1638=VECTOR('',#3586,1.);
#1639=VECTOR('',#3861,1.);
#1640=VECTOR('',#3862,1.);
#1641=VECTOR('',#3865,1.);
#1642=VECTOR('',#3866,1.);
#1643=VECTOR('',#3869,1.);
#1644=VECTOR('',#3872,1.);
#1645=VECTOR('',#3877,1.);
#1646=VECTOR('',#3880,1.);
#1647=EDGE_LOOP('',(#359,#360,#361,#362));
#1648=EDGE_LOOP('',(#363,#364,#365,#366,#367,#368,#369,#370));
#1649=EDGE_LOOP('',(#371,#372,#373,#374,#375,#376,#377,#378));
#1650=EDGE_LOOP('',(#379,#380,#381,#382));
#1651=EDGE_LOOP('',(#383));
#1652=EDGE_LOOP('',(#384));
#1653=EDGE_LOOP('',(#385));
#1654=EDGE_LOOP('',(#386));
#1655=EDGE_LOOP('',(#387));
#1656=EDGE_LOOP('',(#388));
#1657=EDGE_LOOP('',(#389));
#1658=EDGE_LOOP('',(#390));
#1659=EDGE_LOOP('',(#391));
#1660=EDGE_LOOP('',(#392));
#1661=EDGE_LOOP('',(#393));
#1662=EDGE_LOOP('',(#394));
#1663=EDGE_LOOP('',(#395));
#1664=EDGE_LOOP('',(#396));
#1665=EDGE_LOOP('',(#397));
#1666=EDGE_LOOP('',(#398));
#1667=EDGE_LOOP('',(#399));
#1668=EDGE_LOOP('',(#400));
#1669=EDGE_LOOP('',(#401));
#1670=EDGE_LOOP('',(#402));
#1671=EDGE_LOOP('',(#403));
#1672=EDGE_LOOP('',(#404));
#1673=EDGE_LOOP('',(#405));
#1674=EDGE_LOOP('',(#406));
#1675=EDGE_LOOP('',(#407));
#1676=EDGE_LOOP('',(#408));
#1677=EDGE_LOOP('',(#409));
#1678=EDGE_LOOP('',(#410));
#1679=EDGE_LOOP('',(#411));
#1680=EDGE_LOOP('',(#412));
#1681=EDGE_LOOP('',(#413));
#1682=EDGE_LOOP('',(#414));
#1683=EDGE_LOOP('',(#415));
#1684=EDGE_LOOP('',(#416));
#1685=EDGE_LOOP('',(#417));
#1686=EDGE_LOOP('',(#418));
#1687=EDGE_LOOP('',(#419));
#1688=EDGE_LOOP('',(#420));
#1689=EDGE_LOOP('',(#421));
#1690=EDGE_LOOP('',(#422));
#1691=EDGE_LOOP('',(#423));
#1692=EDGE_LOOP('',(#424));
#1693=EDGE_LOOP('',(#425));
#1694=EDGE_LOOP('',(#426));
#1695=EDGE_LOOP('',(#427));
#1696=EDGE_LOOP('',(#428));
#1697=EDGE_LOOP('',(#429));
#1698=EDGE_LOOP('',(#430));
#1699=EDGE_LOOP('',(#431));
#1700=EDGE_LOOP('',(#432));
#1701=EDGE_LOOP('',(#433));
#1702=EDGE_LOOP('',(#434));
#1703=EDGE_LOOP('',(#435));
#1704=EDGE_LOOP('',(#436));
#1705=EDGE_LOOP('',(#437));
#1706=EDGE_LOOP('',(#438));
#1707=EDGE_LOOP('',(#439));
#1708=EDGE_LOOP('',(#440));
#1709=EDGE_LOOP('',(#441));
#1710=EDGE_LOOP('',(#442));
#1711=EDGE_LOOP('',(#443));
#1712=EDGE_LOOP('',(#444));
#1713=EDGE_LOOP('',(#445));
#1714=EDGE_LOOP('',(#446));
#1715=EDGE_LOOP('',(#447));
#1716=EDGE_LOOP('',(#448));
#1717=EDGE_LOOP('',(#449));
#1718=EDGE_LOOP('',(#450));
#1719=EDGE_LOOP('',(#451));
#1720=EDGE_LOOP('',(#452));
#1721=EDGE_LOOP('',(#453));
#1722=EDGE_LOOP('',(#454));
#1723=EDGE_LOOP('',(#455));
#1724=EDGE_LOOP('',(#456));
#1725=EDGE_LOOP('',(#457));
#1726=EDGE_LOOP('',(#458));
#1727=EDGE_LOOP('',(#459));
#1728=EDGE_LOOP('',(#460));
#1729=EDGE_LOOP('',(#461));
#1730=EDGE_LOOP('',(#462));
#1731=EDGE_LOOP('',(#463,#464,#465,#466,#467,#468,#469,#470));
#1732=EDGE_LOOP('',(#471,#472,#473,#474,#475,#476,#477,#478));
#1733=EDGE_LOOP('',(#479));
#1734=EDGE_LOOP('',(#480,#481,#482,#483,#484,#485,#486,#487));
#1735=EDGE_LOOP('',(#488));
#1736=EDGE_LOOP('',(#489));
#1737=EDGE_LOOP('',(#490));
#1738=EDGE_LOOP('',(#491));
#1739=EDGE_LOOP('',(#492));
#1740=EDGE_LOOP('',(#493));
#1741=EDGE_LOOP('',(#494));
#1742=EDGE_LOOP('',(#495));
#1743=EDGE_LOOP('',(#496));
#1744=EDGE_LOOP('',(#497));
#1745=EDGE_LOOP('',(#498));
#1746=EDGE_LOOP('',(#499));
#1747=EDGE_LOOP('',(#500));
#1748=EDGE_LOOP('',(#501));
#1749=EDGE_LOOP('',(#502));
#1750=EDGE_LOOP('',(#503));
#1751=EDGE_LOOP('',(#504));
#1752=EDGE_LOOP('',(#505));
#1753=EDGE_LOOP('',(#506));
#1754=EDGE_LOOP('',(#507));
#1755=EDGE_LOOP('',(#508));
#1756=EDGE_LOOP('',(#509));
#1757=EDGE_LOOP('',(#510));
#1758=EDGE_LOOP('',(#511));
#1759=EDGE_LOOP('',(#512));
#1760=EDGE_LOOP('',(#513));
#1761=EDGE_LOOP('',(#514));
#1762=EDGE_LOOP('',(#515));
#1763=EDGE_LOOP('',(#516));
#1764=EDGE_LOOP('',(#517));
#1765=EDGE_LOOP('',(#518));
#1766=EDGE_LOOP('',(#519));
#1767=EDGE_LOOP('',(#520));
#1768=EDGE_LOOP('',(#521));
#1769=EDGE_LOOP('',(#522));
#1770=EDGE_LOOP('',(#523));
#1771=EDGE_LOOP('',(#524));
#1772=EDGE_LOOP('',(#525));
#1773=EDGE_LOOP('',(#526));
#1774=EDGE_LOOP('',(#527));
#1775=EDGE_LOOP('',(#528));
#1776=EDGE_LOOP('',(#529));
#1777=EDGE_LOOP('',(#530));
#1778=EDGE_LOOP('',(#531));
#1779=EDGE_LOOP('',(#532));
#1780=EDGE_LOOP('',(#533));
#1781=EDGE_LOOP('',(#534));
#1782=EDGE_LOOP('',(#535));
#1783=EDGE_LOOP('',(#536));
#1784=EDGE_LOOP('',(#537));
#1785=EDGE_LOOP('',(#538));
#1786=EDGE_LOOP('',(#539));
#1787=EDGE_LOOP('',(#540));
#1788=EDGE_LOOP('',(#541));
#1789=EDGE_LOOP('',(#542));
#1790=EDGE_LOOP('',(#543));
#1791=EDGE_LOOP('',(#544));
#1792=EDGE_LOOP('',(#545));
#1793=EDGE_LOOP('',(#546));
#1794=EDGE_LOOP('',(#547));
#1795=EDGE_LOOP('',(#548));
#1796=EDGE_LOOP('',(#549));
#1797=EDGE_LOOP('',(#550));
#1798=EDGE_LOOP('',(#551));
#1799=EDGE_LOOP('',(#552));
#1800=EDGE_LOOP('',(#553));
#1801=EDGE_LOOP('',(#554));
#1802=EDGE_LOOP('',(#555));
#1803=EDGE_LOOP('',(#556));
#1804=EDGE_LOOP('',(#557));
#1805=EDGE_LOOP('',(#558));
#1806=EDGE_LOOP('',(#559));
#1807=EDGE_LOOP('',(#560));
#1808=EDGE_LOOP('',(#561));
#1809=EDGE_LOOP('',(#562));
#1810=EDGE_LOOP('',(#563));
#1811=EDGE_LOOP('',(#564));
#1812=EDGE_LOOP('',(#565));
#1813=EDGE_LOOP('',(#566));
#1814=EDGE_LOOP('',(#567));
#1815=EDGE_LOOP('',(#568,#569,#570,#571,#572,#573,#574,#575));
#1816=EDGE_LOOP('',(#576));
#1817=EDGE_LOOP('',(#577,#578,#579,#580));
#1818=EDGE_LOOP('',(#581,#582,#583,#584));
#1819=EDGE_LOOP('',(#585,#586,#587,#588));
#1820=EDGE_LOOP('',(#589,#590,#591,#592));
#1821=EDGE_LOOP('',(#593,#594,#595,#596));
#1822=EDGE_LOOP('',(#597,#598,#599,#600));
#1823=EDGE_LOOP('',(#601,#602,#603,#604));
#1824=EDGE_LOOP('',(#605));
#1825=EDGE_LOOP('',(#606));
#1826=EDGE_LOOP('',(#607));
#1827=EDGE_LOOP('',(#608));
#1828=EDGE_LOOP('',(#609));
#1829=EDGE_LOOP('',(#610));
#1830=EDGE_LOOP('',(#611));
#1831=EDGE_LOOP('',(#612));
#1832=EDGE_LOOP('',(#613));
#1833=EDGE_LOOP('',(#614));
#1834=EDGE_LOOP('',(#615));
#1835=EDGE_LOOP('',(#616));
#1836=EDGE_LOOP('',(#617,#618,#619,#620,#621,#622,#623,#624));
#1837=EDGE_LOOP('',(#625,#626,#627,#628,#629,#630,#631,#632));
#1838=EDGE_LOOP('',(#633,#634,#635,#636));
#1839=EDGE_LOOP('',(#637,#638,#639,#640));
#1840=EDGE_LOOP('',(#641,#642,#643,#644));
#1841=EDGE_LOOP('',(#645,#646,#647,#648));
#1842=EDGE_LOOP('',(#649,#650,#651,#652));
#1843=EDGE_LOOP('',(#653,#654,#655,#656));
#1844=EDGE_LOOP('',(#657,#658,#659,#660));
#1845=EDGE_LOOP('',(#661,#662,#663,#664));
#1846=EDGE_LOOP('',(#665));
#1847=EDGE_LOOP('',(#666));
#1848=EDGE_LOOP('',(#667,#668,#669,#670));
#1849=EDGE_LOOP('',(#671,#672,#673,#674));
#1850=EDGE_LOOP('',(#675,#676,#677,#678));
#1851=EDGE_LOOP('',(#679,#680,#681,#682));
#1852=EDGE_LOOP('',(#683,#684,#685,#686));
#1853=EDGE_LOOP('',(#687,#688,#689,#690));
#1854=EDGE_LOOP('',(#691,#692,#693,#694));
#1855=EDGE_LOOP('',(#695));
#1856=EDGE_LOOP('',(#696));
#1857=EDGE_LOOP('',(#697));
#1858=EDGE_LOOP('',(#698));
#1859=EDGE_LOOP('',(#699));
#1860=EDGE_LOOP('',(#700));
#1861=EDGE_LOOP('',(#701));
#1862=EDGE_LOOP('',(#702));
#1863=EDGE_LOOP('',(#703));
#1864=EDGE_LOOP('',(#704));
#1865=EDGE_LOOP('',(#705));
#1866=EDGE_LOOP('',(#706));
#1867=EDGE_LOOP('',(#707));
#1868=EDGE_LOOP('',(#708));
#1869=EDGE_LOOP('',(#709));
#1870=EDGE_LOOP('',(#710));
#1871=EDGE_LOOP('',(#711));
#1872=EDGE_LOOP('',(#712));
#1873=EDGE_LOOP('',(#713));
#1874=EDGE_LOOP('',(#714));
#1875=EDGE_LOOP('',(#715));
#1876=EDGE_LOOP('',(#716));
#1877=EDGE_LOOP('',(#717));
#1878=EDGE_LOOP('',(#718));
#1879=EDGE_LOOP('',(#719));
#1880=EDGE_LOOP('',(#720));
#1881=EDGE_LOOP('',(#721));
#1882=EDGE_LOOP('',(#722));
#1883=EDGE_LOOP('',(#723));
#1884=EDGE_LOOP('',(#724));
#1885=EDGE_LOOP('',(#725));
#1886=EDGE_LOOP('',(#726));
#1887=EDGE_LOOP('',(#727));
#1888=EDGE_LOOP('',(#728));
#1889=EDGE_LOOP('',(#729));
#1890=EDGE_LOOP('',(#730));
#1891=EDGE_LOOP('',(#731));
#1892=EDGE_LOOP('',(#732));
#1893=EDGE_LOOP('',(#733));
#1894=EDGE_LOOP('',(#734));
#1895=EDGE_LOOP('',(#735));
#1896=EDGE_LOOP('',(#736));
#1897=EDGE_LOOP('',(#737));
#1898=EDGE_LOOP('',(#738));
#1899=EDGE_LOOP('',(#739));
#1900=EDGE_LOOP('',(#740));
#1901=EDGE_LOOP('',(#741));
#1902=EDGE_LOOP('',(#742));
#1903=EDGE_LOOP('',(#743));
#1904=EDGE_LOOP('',(#744));
#1905=EDGE_LOOP('',(#745));
#1906=EDGE_LOOP('',(#746));
#1907=EDGE_LOOP('',(#747));
#1908=EDGE_LOOP('',(#748));
#1909=EDGE_LOOP('',(#749));
#1910=EDGE_LOOP('',(#750));
#1911=EDGE_LOOP('',(#751));
#1912=EDGE_LOOP('',(#752));
#1913=EDGE_LOOP('',(#753));
#1914=EDGE_LOOP('',(#754));
#1915=EDGE_LOOP('',(#755));
#1916=EDGE_LOOP('',(#756));
#1917=EDGE_LOOP('',(#757));
#1918=EDGE_LOOP('',(#758));
#1919=EDGE_LOOP('',(#759));
#1920=EDGE_LOOP('',(#760));
#1921=EDGE_LOOP('',(#761));
#1922=EDGE_LOOP('',(#762));
#1923=EDGE_LOOP('',(#763));
#1924=EDGE_LOOP('',(#764));
#1925=EDGE_LOOP('',(#765));
#1926=EDGE_LOOP('',(#766));
#1927=EDGE_LOOP('',(#767));
#1928=EDGE_LOOP('',(#768));
#1929=EDGE_LOOP('',(#769));
#1930=EDGE_LOOP('',(#770));
#1931=EDGE_LOOP('',(#771));
#1932=EDGE_LOOP('',(#772));
#1933=EDGE_LOOP('',(#773));
#1934=EDGE_LOOP('',(#774));
#1935=EDGE_LOOP('',(#775));
#1936=EDGE_LOOP('',(#776));
#1937=EDGE_LOOP('',(#777));
#1938=EDGE_LOOP('',(#778));
#1939=EDGE_LOOP('',(#779));
#1940=EDGE_LOOP('',(#780));
#1941=EDGE_LOOP('',(#781));
#1942=EDGE_LOOP('',(#782));
#1943=EDGE_LOOP('',(#783));
#1944=EDGE_LOOP('',(#784));
#1945=EDGE_LOOP('',(#785));
#1946=EDGE_LOOP('',(#786));
#1947=EDGE_LOOP('',(#787));
#1948=EDGE_LOOP('',(#788));
#1949=EDGE_LOOP('',(#789));
#1950=EDGE_LOOP('',(#790));
#1951=EDGE_LOOP('',(#791));
#1952=EDGE_LOOP('',(#792));
#1953=EDGE_LOOP('',(#793));
#1954=EDGE_LOOP('',(#794));
#1955=EDGE_LOOP('',(#795));
#1956=EDGE_LOOP('',(#796));
#1957=EDGE_LOOP('',(#797));
#1958=EDGE_LOOP('',(#798));
#1959=EDGE_LOOP('',(#799));
#1960=EDGE_LOOP('',(#800));
#1961=EDGE_LOOP('',(#801));
#1962=EDGE_LOOP('',(#802));
#1963=EDGE_LOOP('',(#803));
#1964=EDGE_LOOP('',(#804));
#1965=EDGE_LOOP('',(#805));
#1966=EDGE_LOOP('',(#806));
#1967=EDGE_LOOP('',(#807));
#1968=EDGE_LOOP('',(#808));
#1969=EDGE_LOOP('',(#809));
#1970=EDGE_LOOP('',(#810));
#1971=EDGE_LOOP('',(#811));
#1972=EDGE_LOOP('',(#812));
#1973=EDGE_LOOP('',(#813));
#1974=EDGE_LOOP('',(#814));
#1975=EDGE_LOOP('',(#815));
#1976=EDGE_LOOP('',(#816));
#1977=EDGE_LOOP('',(#817));
#1978=EDGE_LOOP('',(#818));
#1979=EDGE_LOOP('',(#819));
#1980=EDGE_LOOP('',(#820));
#1981=EDGE_LOOP('',(#821));
#1982=EDGE_LOOP('',(#822));
#1983=EDGE_LOOP('',(#823));
#1984=EDGE_LOOP('',(#824));
#1985=EDGE_LOOP('',(#825));
#1986=EDGE_LOOP('',(#826));
#1987=EDGE_LOOP('',(#827));
#1988=EDGE_LOOP('',(#828));
#1989=EDGE_LOOP('',(#829));
#1990=EDGE_LOOP('',(#830));
#1991=EDGE_LOOP('',(#831));
#1992=EDGE_LOOP('',(#832));
#1993=EDGE_LOOP('',(#833));
#1994=EDGE_LOOP('',(#834));
#1995=EDGE_LOOP('',(#835));
#1996=EDGE_LOOP('',(#836));
#1997=EDGE_LOOP('',(#837));
#1998=EDGE_LOOP('',(#838));
#1999=EDGE_LOOP('',(#839));
#2000=EDGE_LOOP('',(#840));
#2001=EDGE_LOOP('',(#841));
#2002=EDGE_LOOP('',(#842));
#2003=EDGE_LOOP('',(#843));
#2004=EDGE_LOOP('',(#844));
#2005=EDGE_LOOP('',(#845));
#2006=EDGE_LOOP('',(#846));
#2007=EDGE_LOOP('',(#847));
#2008=EDGE_LOOP('',(#848));
#2009=EDGE_LOOP('',(#849));
#2010=EDGE_LOOP('',(#850));
#2011=EDGE_LOOP('',(#851));
#2012=EDGE_LOOP('',(#852));
#2013=EDGE_LOOP('',(#853));
#2014=EDGE_LOOP('',(#854));
#2015=EDGE_LOOP('',(#855));
#2016=EDGE_LOOP('',(#856));
#2017=EDGE_LOOP('',(#857));
#2018=EDGE_LOOP('',(#858));
#2019=EDGE_LOOP('',(#859));
#2020=EDGE_LOOP('',(#860));
#2021=EDGE_LOOP('',(#861));
#2022=EDGE_LOOP('',(#862));
#2023=EDGE_LOOP('',(#863));
#2024=EDGE_LOOP('',(#864));
#2025=EDGE_LOOP('',(#865));
#2026=EDGE_LOOP('',(#866));
#2027=EDGE_LOOP('',(#867));
#2028=EDGE_LOOP('',(#868));
#2029=EDGE_LOOP('',(#869));
#2030=EDGE_LOOP('',(#870));
#2031=EDGE_LOOP('',(#871));
#2032=EDGE_LOOP('',(#872));
#2033=EDGE_LOOP('',(#873));
#2034=EDGE_LOOP('',(#874));
#2035=EDGE_LOOP('',(#875));
#2036=EDGE_LOOP('',(#876));
#2037=EDGE_LOOP('',(#877));
#2038=EDGE_LOOP('',(#878));
#2039=EDGE_LOOP('',(#879));
#2040=EDGE_LOOP('',(#880));
#2041=EDGE_LOOP('',(#881));
#2042=EDGE_LOOP('',(#882));
#2043=EDGE_LOOP('',(#883));
#2044=EDGE_LOOP('',(#884));
#2045=EDGE_LOOP('',(#885));
#2046=EDGE_LOOP('',(#886));
#2047=EDGE_LOOP('',(#887));
#2048=EDGE_LOOP('',(#888));
#2049=EDGE_LOOP('',(#889));
#2050=EDGE_LOOP('',(#890));
#2051=EDGE_LOOP('',(#891,#892,#893,#894));
#2052=EDGE_LOOP('',(#895,#896,#897,#898));
#2053=EDGE_LOOP('',(#899,#900,#901,#902));
#2054=EDGE_LOOP('',(#903,#904,#905,#906));
#2055=EDGE_LOOP('',(#907,#908,#909,#910));
#2056=EDGE_LOOP('',(#911,#912,#913,#914));
#2057=EDGE_LOOP('',(#915,#916,#917,#918));
#2058=EDGE_LOOP('',(#919,#920,#921,#922));
#2059=EDGE_LOOP('',(#923,#924,#925,#926));
#2060=EDGE_LOOP('',(#927,#928,#929,#930));
#2061=EDGE_LOOP('',(#931,#932,#933,#934));
#2062=EDGE_LOOP('',(#935,#936,#937,#938));
#2063=EDGE_LOOP('',(#939,#940,#941,#942));
#2064=EDGE_LOOP('',(#943,#944,#945,#946));
#2065=EDGE_LOOP('',(#947,#948,#949,#950));
#2066=EDGE_LOOP('',(#951,#952,#953,#954));
#2067=FACE_BOUND('',#1647,.T.);
#2068=FACE_BOUND('',#1648,.T.);
#2069=FACE_BOUND('',#1649,.T.);
#2070=FACE_BOUND('',#1650,.T.);
#2071=FACE_BOUND('',#1651,.T.);
#2072=FACE_BOUND('',#1652,.T.);
#2073=FACE_BOUND('',#1653,.T.);
#2074=FACE_BOUND('',#1654,.T.);
#2075=FACE_BOUND('',#1655,.T.);
#2076=FACE_BOUND('',#1656,.T.);
#2077=FACE_BOUND('',#1657,.T.);
#2078=FACE_BOUND('',#1658,.T.);
#2079=FACE_BOUND('',#1659,.T.);
#2080=FACE_BOUND('',#1660,.T.);
#2081=FACE_BOUND('',#1661,.T.);
#2082=FACE_BOUND('',#1662,.T.);
#2083=FACE_BOUND('',#1663,.T.);
#2084=FACE_BOUND('',#1664,.T.);
#2085=FACE_BOUND('',#1665,.T.);
#2086=FACE_BOUND('',#1666,.T.);
#2087=FACE_BOUND('',#1667,.T.);
#2088=FACE_BOUND('',#1668,.T.);
#2089=FACE_BOUND('',#1669,.T.);
#2090=FACE_BOUND('',#1670,.T.);
#2091=FACE_BOUND('',#1671,.T.);
#2092=FACE_BOUND('',#1672,.T.);
#2093=FACE_BOUND('',#1673,.T.);
#2094=FACE_BOUND('',#1674,.T.);
#2095=FACE_BOUND('',#1675,.T.);
#2096=FACE_BOUND('',#1676,.T.);
#2097=FACE_BOUND('',#1677,.T.);
#2098=FACE_BOUND('',#1678,.T.);
#2099=FACE_BOUND('',#1679,.T.);
#2100=FACE_BOUND('',#1680,.T.);
#2101=FACE_BOUND('',#1681,.T.);
#2102=FACE_BOUND('',#1682,.T.);
#2103=FACE_BOUND('',#1683,.T.);
#2104=FACE_BOUND('',#1684,.T.);
#2105=FACE_BOUND('',#1685,.T.);
#2106=FACE_BOUND('',#1686,.T.);
#2107=FACE_BOUND('',#1687,.T.);
#2108=FACE_BOUND('',#1688,.T.);
#2109=FACE_BOUND('',#1689,.T.);
#2110=FACE_BOUND('',#1690,.T.);
#2111=FACE_BOUND('',#1691,.T.);
#2112=FACE_BOUND('',#1692,.T.);
#2113=FACE_BOUND('',#1693,.T.);
#2114=FACE_BOUND('',#1694,.T.);
#2115=FACE_BOUND('',#1695,.T.);
#2116=FACE_BOUND('',#1696,.T.);
#2117=FACE_BOUND('',#1697,.T.);
#2118=FACE_BOUND('',#1698,.T.);
#2119=FACE_BOUND('',#1699,.T.);
#2120=FACE_BOUND('',#1700,.T.);
#2121=FACE_BOUND('',#1701,.T.);
#2122=FACE_BOUND('',#1702,.T.);
#2123=FACE_BOUND('',#1703,.T.);
#2124=FACE_BOUND('',#1704,.T.);
#2125=FACE_BOUND('',#1705,.T.);
#2126=FACE_BOUND('',#1706,.T.);
#2127=FACE_BOUND('',#1707,.T.);
#2128=FACE_BOUND('',#1708,.T.);
#2129=FACE_BOUND('',#1709,.T.);
#2130=FACE_BOUND('',#1710,.T.);
#2131=FACE_BOUND('',#1711,.T.);
#2132=FACE_BOUND('',#1712,.T.);
#2133=FACE_BOUND('',#1713,.T.);
#2134=FACE_BOUND('',#1714,.T.);
#2135=FACE_BOUND('',#1715,.T.);
#2136=FACE_BOUND('',#1716,.T.);
#2137=FACE_BOUND('',#1717,.T.);
#2138=FACE_BOUND('',#1718,.T.);
#2139=FACE_BOUND('',#1719,.T.);
#2140=FACE_BOUND('',#1720,.T.);
#2141=FACE_BOUND('',#1721,.T.);
#2142=FACE_BOUND('',#1722,.T.);
#2143=FACE_BOUND('',#1723,.T.);
#2144=FACE_BOUND('',#1724,.T.);
#2145=FACE_BOUND('',#1725,.T.);
#2146=FACE_BOUND('',#1726,.T.);
#2147=FACE_BOUND('',#1727,.T.);
#2148=FACE_BOUND('',#1728,.T.);
#2149=FACE_BOUND('',#1729,.T.);
#2150=FACE_BOUND('',#1730,.T.);
#2151=FACE_BOUND('',#1731,.T.);
#2152=FACE_BOUND('',#1732,.T.);
#2153=FACE_BOUND('',#1733,.T.);
#2154=FACE_BOUND('',#1734,.T.);
#2155=FACE_BOUND('',#1735,.T.);
#2156=FACE_BOUND('',#1736,.T.);
#2157=FACE_BOUND('',#1737,.T.);
#2158=FACE_BOUND('',#1738,.T.);
#2159=FACE_BOUND('',#1739,.T.);
#2160=FACE_BOUND('',#1740,.T.);
#2161=FACE_BOUND('',#1741,.T.);
#2162=FACE_BOUND('',#1742,.T.);
#2163=FACE_BOUND('',#1743,.T.);
#2164=FACE_BOUND('',#1744,.T.);
#2165=FACE_BOUND('',#1745,.T.);
#2166=FACE_BOUND('',#1746,.T.);
#2167=FACE_BOUND('',#1747,.T.);
#2168=FACE_BOUND('',#1748,.T.);
#2169=FACE_BOUND('',#1749,.T.);
#2170=FACE_BOUND('',#1750,.T.);
#2171=FACE_BOUND('',#1751,.T.);
#2172=FACE_BOUND('',#1752,.T.);
#2173=FACE_BOUND('',#1753,.T.);
#2174=FACE_BOUND('',#1754,.T.);
#2175=FACE_BOUND('',#1755,.T.);
#2176=FACE_BOUND('',#1756,.T.);
#2177=FACE_BOUND('',#1757,.T.);
#2178=FACE_BOUND('',#1758,.T.);
#2179=FACE_BOUND('',#1759,.T.);
#2180=FACE_BOUND('',#1760,.T.);
#2181=FACE_BOUND('',#1761,.T.);
#2182=FACE_BOUND('',#1762,.T.);
#2183=FACE_BOUND('',#1763,.T.);
#2184=FACE_BOUND('',#1764,.T.);
#2185=FACE_BOUND('',#1765,.T.);
#2186=FACE_BOUND('',#1766,.T.);
#2187=FACE_BOUND('',#1767,.T.);
#2188=FACE_BOUND('',#1768,.T.);
#2189=FACE_BOUND('',#1769,.T.);
#2190=FACE_BOUND('',#1770,.T.);
#2191=FACE_BOUND('',#1771,.T.);
#2192=FACE_BOUND('',#1772,.T.);
#2193=FACE_BOUND('',#1773,.T.);
#2194=FACE_BOUND('',#1774,.T.);
#2195=FACE_BOUND('',#1775,.T.);
#2196=FACE_BOUND('',#1776,.T.);
#2197=FACE_BOUND('',#1777,.T.);
#2198=FACE_BOUND('',#1778,.T.);
#2199=FACE_BOUND('',#1779,.T.);
#2200=FACE_BOUND('',#1780,.T.);
#2201=FACE_BOUND('',#1781,.T.);
#2202=FACE_BOUND('',#1782,.T.);
#2203=FACE_BOUND('',#1783,.T.);
#2204=FACE_BOUND('',#1784,.T.);
#2205=FACE_BOUND('',#1785,.T.);
#2206=FACE_BOUND('',#1786,.T.);
#2207=FACE_BOUND('',#1787,.T.);
#2208=FACE_BOUND('',#1788,.T.);
#2209=FACE_BOUND('',#1789,.T.);
#2210=FACE_BOUND('',#1790,.T.);
#2211=FACE_BOUND('',#1791,.T.);
#2212=FACE_BOUND('',#1792,.T.);
#2213=FACE_BOUND('',#1793,.T.);
#2214=FACE_BOUND('',#1794,.T.);
#2215=FACE_BOUND('',#1795,.T.);
#2216=FACE_BOUND('',#1796,.T.);
#2217=FACE_BOUND('',#1797,.T.);
#2218=FACE_BOUND('',#1798,.T.);
#2219=FACE_BOUND('',#1799,.T.);
#2220=FACE_BOUND('',#1800,.T.);
#2221=FACE_BOUND('',#1801,.T.);
#2222=FACE_BOUND('',#1802,.T.);
#2223=FACE_BOUND('',#1803,.T.);
#2224=FACE_BOUND('',#1804,.T.);
#2225=FACE_BOUND('',#1805,.T.);
#2226=FACE_BOUND('',#1806,.T.);
#2227=FACE_BOUND('',#1807,.T.);
#2228=FACE_BOUND('',#1808,.T.);
#2229=FACE_BOUND('',#1809,.T.);
#2230=FACE_BOUND('',#1810,.T.);
#2231=FACE_BOUND('',#1811,.T.);
#2232=FACE_BOUND('',#1812,.T.);
#2233=FACE_BOUND('',#1813,.T.);
#2234=FACE_BOUND('',#1814,.T.);
#2235=FACE_BOUND('',#1815,.T.);
#2236=FACE_BOUND('',#1816,.T.);
#2237=FACE_BOUND('',#1817,.T.);
#2238=FACE_BOUND('',#1818,.T.);
#2239=FACE_BOUND('',#1819,.T.);
#2240=FACE_BOUND('',#1820,.T.);
#2241=FACE_BOUND('',#1821,.T.);
#2242=FACE_BOUND('',#1822,.T.);
#2243=FACE_BOUND('',#1823,.T.);
#2244=FACE_BOUND('',#1824,.T.);
#2245=FACE_BOUND('',#1825,.T.);
#2246=FACE_BOUND('',#1826,.T.);
#2247=FACE_BOUND('',#1827,.T.);
#2248=FACE_BOUND('',#1828,.T.);
#2249=FACE_BOUND('',#1829,.T.);
#2250=FACE_BOUND('',#1830,.T.);
#2251=FACE_BOUND('',#1831,.T.);
#2252=FACE_BOUND('',#1832,.T.);
#2253=FACE_BOUND('',#1833,.T.);
#2254=FACE_BOUND('',#1834,.T.);
#2255=FACE_BOUND('',#1835,.T.);
#2256=FACE_BOUND('',#1836,.T.);
#2257=FACE_BOUND('',#1837,.T.);
#2258=FACE_BOUND('',#1838,.T.);
#2259=FACE_BOUND('',#1839,.T.);
#2260=FACE_BOUND('',#1840,.T.);
#2261=FACE_BOUND('',#1841,.T.);
#2262=FACE_BOUND('',#1842,.T.);
#2263=FACE_BOUND('',#1843,.T.);
#2264=FACE_BOUND('',#1844,.T.);
#2265=FACE_BOUND('',#1845,.T.);
#2266=FACE_BOUND('',#1846,.T.);
#2267=FACE_BOUND('',#1847,.T.);
#2268=FACE_BOUND('',#1848,.T.);
#2269=FACE_BOUND('',#1849,.T.);
#2270=FACE_BOUND('',#1850,.T.);
#2271=FACE_BOUND('',#1851,.T.);
#2272=FACE_BOUND('',#1852,.T.);
#2273=FACE_BOUND('',#1853,.T.);
#2274=FACE_BOUND('',#1854,.T.);
#2275=FACE_BOUND('',#1855,.T.);
#2276=FACE_BOUND('',#1856,.T.);
#2277=FACE_BOUND('',#1857,.T.);
#2278=FACE_BOUND('',#1858,.T.);
#2279=FACE_BOUND('',#1859,.T.);
#2280=FACE_BOUND('',#1860,.T.);
#2281=FACE_BOUND('',#1861,.T.);
#2282=FACE_BOUND('',#1862,.T.);
#2283=FACE_BOUND('',#1863,.T.);
#2284=FACE_BOUND('',#1864,.T.);
#2285=FACE_BOUND('',#1865,.T.);
#2286=FACE_BOUND('',#1866,.T.);
#2287=FACE_BOUND('',#1867,.T.);
#2288=FACE_BOUND('',#1868,.T.);
#2289=FACE_BOUND('',#1869,.T.);
#2290=FACE_BOUND('',#1870,.T.);
#2291=FACE_BOUND('',#1871,.T.);
#2292=FACE_BOUND('',#1872,.T.);
#2293=FACE_BOUND('',#1873,.T.);
#2294=FACE_BOUND('',#1874,.T.);
#2295=FACE_BOUND('',#1875,.T.);
#2296=FACE_BOUND('',#1876,.T.);
#2297=FACE_BOUND('',#1877,.T.);
#2298=FACE_BOUND('',#1878,.T.);
#2299=FACE_BOUND('',#1879,.T.);
#2300=FACE_BOUND('',#1880,.T.);
#2301=FACE_BOUND('',#1881,.T.);
#2302=FACE_BOUND('',#1882,.T.);
#2303=FACE_BOUND('',#1883,.T.);
#2304=FACE_BOUND('',#1884,.T.);
#2305=FACE_BOUND('',#1885,.T.);
#2306=FACE_BOUND('',#1886,.T.);
#2307=FACE_BOUND('',#1887,.T.);
#2308=FACE_BOUND('',#1888,.T.);
#2309=FACE_BOUND('',#1889,.T.);
#2310=FACE_BOUND('',#1890,.T.);
#2311=FACE_BOUND('',#1891,.T.);
#2312=FACE_BOUND('',#1892,.T.);
#2313=FACE_BOUND('',#1893,.T.);
#2314=FACE_BOUND('',#1894,.T.);
#2315=FACE_BOUND('',#1895,.T.);
#2316=FACE_BOUND('',#1896,.T.);
#2317=FACE_BOUND('',#1897,.T.);
#2318=FACE_BOUND('',#1898,.T.);
#2319=FACE_BOUND('',#1899,.T.);
#2320=FACE_BOUND('',#1900,.T.);
#2321=FACE_BOUND('',#1901,.T.);
#2322=FACE_BOUND('',#1902,.T.);
#2323=FACE_BOUND('',#1903,.T.);
#2324=FACE_BOUND('',#1904,.T.);
#2325=FACE_BOUND('',#1905,.T.);
#2326=FACE_BOUND('',#1906,.T.);
#2327=FACE_BOUND('',#1907,.T.);
#2328=FACE_BOUND('',#1908,.T.);
#2329=FACE_BOUND('',#1909,.T.);
#2330=FACE_BOUND('',#1910,.T.);
#2331=FACE_BOUND('',#1911,.T.);
#2332=FACE_BOUND('',#1912,.T.);
#2333=FACE_BOUND('',#1913,.T.);
#2334=FACE_BOUND('',#1914,.T.);
#2335=FACE_BOUND('',#1915,.T.);
#2336=FACE_BOUND('',#1916,.T.);
#2337=FACE_BOUND('',#1917,.T.);
#2338=FACE_BOUND('',#1918,.T.);
#2339=FACE_BOUND('',#1919,.T.);
#2340=FACE_BOUND('',#1920,.T.);
#2341=FACE_BOUND('',#1921,.T.);
#2342=FACE_BOUND('',#1922,.T.);
#2343=FACE_BOUND('',#1923,.T.);
#2344=FACE_BOUND('',#1924,.T.);
#2345=FACE_BOUND('',#1925,.T.);
#2346=FACE_BOUND('',#1926,.T.);
#2347=FACE_BOUND('',#1927,.T.);
#2348=FACE_BOUND('',#1928,.T.);
#2349=FACE_BOUND('',#1929,.T.);
#2350=FACE_BOUND('',#1930,.T.);
#2351=FACE_BOUND('',#1931,.T.);
#2352=FACE_BOUND('',#1932,.T.);
#2353=FACE_BOUND('',#1933,.T.);
#2354=FACE_BOUND('',#1934,.T.);
#2355=FACE_BOUND('',#1935,.T.);
#2356=FACE_BOUND('',#1936,.T.);
#2357=FACE_BOUND('',#1937,.T.);
#2358=FACE_BOUND('',#1938,.T.);
#2359=FACE_BOUND('',#1939,.T.);
#2360=FACE_BOUND('',#1940,.T.);
#2361=FACE_BOUND('',#1941,.T.);
#2362=FACE_BOUND('',#1942,.T.);
#2363=FACE_BOUND('',#1943,.T.);
#2364=FACE_BOUND('',#1944,.T.);
#2365=FACE_BOUND('',#1945,.T.);
#2366=FACE_BOUND('',#1946,.T.);
#2367=FACE_BOUND('',#1947,.T.);
#2368=FACE_BOUND('',#1948,.T.);
#2369=FACE_BOUND('',#1949,.T.);
#2370=FACE_BOUND('',#1950,.T.);
#2371=FACE_BOUND('',#1951,.T.);
#2372=FACE_BOUND('',#1952,.T.);
#2373=FACE_BOUND('',#1953,.T.);
#2374=FACE_BOUND('',#1954,.T.);
#2375=FACE_BOUND('',#1955,.T.);
#2376=FACE_BOUND('',#1956,.T.);
#2377=FACE_BOUND('',#1957,.T.);
#2378=FACE_BOUND('',#1958,.T.);
#2379=FACE_BOUND('',#1959,.T.);
#2380=FACE_BOUND('',#1960,.T.);
#2381=FACE_BOUND('',#1961,.T.);
#2382=FACE_BOUND('',#1962,.T.);
#2383=FACE_BOUND('',#1963,.T.);
#2384=FACE_BOUND('',#1964,.T.);
#2385=FACE_BOUND('',#1965,.T.);
#2386=FACE_BOUND('',#1966,.T.);
#2387=FACE_BOUND('',#1967,.T.);
#2388=FACE_BOUND('',#1968,.T.);
#2389=FACE_BOUND('',#1969,.T.);
#2390=FACE_BOUND('',#1970,.T.);
#2391=FACE_BOUND('',#1971,.T.);
#2392=FACE_BOUND('',#1972,.T.);
#2393=FACE_BOUND('',#1973,.T.);
#2394=FACE_BOUND('',#1974,.T.);
#2395=FACE_BOUND('',#1975,.T.);
#2396=FACE_BOUND('',#1976,.T.);
#2397=FACE_BOUND('',#1977,.T.);
#2398=FACE_BOUND('',#1978,.T.);
#2399=FACE_BOUND('',#1979,.T.);
#2400=FACE_BOUND('',#1980,.T.);
#2401=FACE_BOUND('',#1981,.T.);
#2402=FACE_BOUND('',#1982,.T.);
#2403=FACE_BOUND('',#1983,.T.);
#2404=FACE_BOUND('',#1984,.T.);
#2405=FACE_BOUND('',#1985,.T.);
#2406=FACE_BOUND('',#1986,.T.);
#2407=FACE_BOUND('',#1987,.T.);
#2408=FACE_BOUND('',#1988,.T.);
#2409=FACE_BOUND('',#1989,.T.);
#2410=FACE_BOUND('',#1990,.T.);
#2411=FACE_BOUND('',#1991,.T.);
#2412=FACE_BOUND('',#1992,.T.);
#2413=FACE_BOUND('',#1993,.T.);
#2414=FACE_BOUND('',#1994,.T.);
#2415=FACE_BOUND('',#1995,.T.);
#2416=FACE_BOUND('',#1996,.T.);
#2417=FACE_BOUND('',#1997,.T.);
#2418=FACE_BOUND('',#1998,.T.);
#2419=FACE_BOUND('',#1999,.T.);
#2420=FACE_BOUND('',#2000,.T.);
#2421=FACE_BOUND('',#2001,.T.);
#2422=FACE_BOUND('',#2002,.T.);
#2423=FACE_BOUND('',#2003,.T.);
#2424=FACE_BOUND('',#2004,.T.);
#2425=FACE_BOUND('',#2005,.T.);
#2426=FACE_BOUND('',#2006,.T.);
#2427=FACE_BOUND('',#2007,.T.);
#2428=FACE_BOUND('',#2008,.T.);
#2429=FACE_BOUND('',#2009,.T.);
#2430=FACE_BOUND('',#2010,.T.);
#2431=FACE_BOUND('',#2011,.T.);
#2432=FACE_BOUND('',#2012,.T.);
#2433=FACE_BOUND('',#2013,.T.);
#2434=FACE_BOUND('',#2014,.T.);
#2435=FACE_BOUND('',#2015,.T.);
#2436=FACE_BOUND('',#2016,.T.);
#2437=FACE_BOUND('',#2017,.T.);
#2438=FACE_BOUND('',#2018,.T.);
#2439=FACE_BOUND('',#2019,.T.);
#2440=FACE_BOUND('',#2020,.T.);
#2441=FACE_BOUND('',#2021,.T.);
#2442=FACE_BOUND('',#2022,.T.);
#2443=FACE_BOUND('',#2023,.T.);
#2444=FACE_BOUND('',#2024,.T.);
#2445=FACE_BOUND('',#2025,.T.);
#2446=FACE_BOUND('',#2026,.T.);
#2447=FACE_BOUND('',#2027,.T.);
#2448=FACE_BOUND('',#2028,.T.);
#2449=FACE_BOUND('',#2029,.T.);
#2450=FACE_BOUND('',#2030,.T.);
#2451=FACE_BOUND('',#2031,.T.);
#2452=FACE_BOUND('',#2032,.T.);
#2453=FACE_BOUND('',#2033,.T.);
#2454=FACE_BOUND('',#2034,.T.);
#2455=FACE_BOUND('',#2035,.T.);
#2456=FACE_BOUND('',#2036,.T.);
#2457=FACE_BOUND('',#2037,.T.);
#2458=FACE_BOUND('',#2038,.T.);
#2459=FACE_BOUND('',#2039,.T.);
#2460=FACE_BOUND('',#2040,.T.);
#2461=FACE_BOUND('',#2041,.T.);
#2462=FACE_BOUND('',#2042,.T.);
#2463=FACE_BOUND('',#2043,.T.);
#2464=FACE_BOUND('',#2044,.T.);
#2465=FACE_BOUND('',#2045,.T.);
#2466=FACE_BOUND('',#2046,.T.);
#2467=FACE_BOUND('',#2047,.T.);
#2468=FACE_BOUND('',#2048,.T.);
#2469=FACE_BOUND('',#2049,.T.);
#2470=FACE_BOUND('',#2050,.T.);
#2471=FACE_BOUND('',#2051,.T.);
#2472=FACE_BOUND('',#2052,.T.);
#2473=FACE_BOUND('',#2053,.T.);
#2474=FACE_BOUND('',#2054,.T.);
#2475=FACE_BOUND('',#2055,.T.);
#2476=FACE_BOUND('',#2056,.T.);
#2477=FACE_BOUND('',#2057,.T.);
#2478=FACE_BOUND('',#2058,.T.);
#2479=FACE_BOUND('',#2059,.T.);
#2480=FACE_BOUND('',#2060,.T.);
#2481=FACE_BOUND('',#2061,.T.);
#2482=FACE_BOUND('',#2062,.T.);
#2483=FACE_BOUND('',#2063,.T.);
#2484=FACE_BOUND('',#2064,.T.);
#2485=FACE_BOUND('',#2065,.T.);
#2486=FACE_BOUND('',#2066,.T.);
#2487=PLANE('',#2679);
#2488=PLANE('',#2684);
#2489=PLANE('',#2689);
#2490=PLANE('',#2779);
#2491=PLANE('',#2869);
#2492=PLANE('',#2872);
#2493=PLANE('',#2875);
#2494=PLANE('',#2880);
#2495=PLANE('',#2897);
#2496=PLANE('',#2899);
#2497=PLANE('',#2901);
#2498=PLANE('',#2903);
#2499=PLANE('',#2906);
#2500=PLANE('',#2909);
#2501=PLANE('',#2912);
#2502=PLANE('',#2919);
#2503=PLANE('',#2922);
#2504=PLANE('',#2925);
#2505=PLANE('',#2928);
#2506=PLANE('',#2931);
#2507=PLANE('',#2934);
#2508=PLANE('',#2937);
#2509=PLANE('',#2940);
#2510=PLANE('',#2943);
#2511=PLANE('',#2946);
#2512=PLANE('',#2949);
#2513=PLANE('',#2952);
#2514=PLANE('',#3049);
#2515=PLANE('',#3050);
#2516=PLANE('',#3052);
#2517=PLANE('',#3055);
#2518=ADVANCED_FACE('',(#2067,#2068),#2487,.F.);
#2519=ADVANCED_FACE('',(#2069,#2070),#2488,.F.);
#2520=ADVANCED_FACE('',(#2071,#2072,#2073,#2074,#2075,#2076,#2077,#2078,
#2079,#2080,#2081,#2082,#2083,#2084,#2085,#2086,#2087,#2088,#2089,#2090,
#2091,#2092,#2093,#2094,#2095,#2096,#2097,#2098,#2099,#2100,#2101,#2102,
#2103,#2104,#2105,#2106,#2107,#2108,#2109,#2110,#2111,#2112,#2113,#2114,
#2115,#2116,#2117,#2118,#2119,#2120,#2121,#2122,#2123,#2124,#2125,#2126,
#2127,#2128,#2129,#2130,#2131,#2132,#2133,#2134,#2135,#2136,#2137,#2138,
#2139,#2140,#2141,#2142,#2143,#2144,#2145,#2146,#2147,#2148,#2149,#2150,
#2151,#2152,#2153),#2489,.F.);
#2521=ADVANCED_FACE('',(#2154,#2155,#2156,#2157,#2158,#2159,#2160,#2161,
#2162,#2163,#2164,#2165,#2166,#2167,#2168,#2169,#2170,#2171,#2172,#2173,
#2174,#2175,#2176,#2177,#2178,#2179,#2180,#2181,#2182,#2183,#2184,#2185,
#2186,#2187,#2188,#2189,#2190,#2191,#2192,#2193,#2194,#2195,#2196,#2197,
#2198,#2199,#2200,#2201,#2202,#2203,#2204,#2205,#2206,#2207,#2208,#2209,
#2210,#2211,#2212,#2213,#2214,#2215,#2216,#2217,#2218,#2219,#2220,#2221,
#2222,#2223,#2224,#2225,#2226,#2227,#2228,#2229,#2230,#2231,#2232,#2233,
#2234,#2235,#2236),#2490,.T.);
#2522=ADVANCED_FACE('',(#2237),#2491,.F.);
#2523=ADVANCED_FACE('',(#2238),#16,.F.);
#2524=ADVANCED_FACE('',(#2239),#2492,.F.);
#2525=ADVANCED_FACE('',(#2240),#17,.F.);
#2526=ADVANCED_FACE('',(#2241),#2493,.F.);
#2527=ADVANCED_FACE('',(#2242),#18,.F.);
#2528=ADVANCED_FACE('',(#2243),#19,.F.);
#2529=ADVANCED_FACE('',(#2244,#2245,#2246,#2247,#2248,#2249,#2250,#2251,
#2252,#2253,#2254,#2255,#2256,#2257),#2494,.F.);
#2530=ADVANCED_FACE('',(#2258),#2495,.F.);
#2531=ADVANCED_FACE('',(#2259),#20,.F.);
#2532=ADVANCED_FACE('',(#2260),#2496,.F.);
#2533=ADVANCED_FACE('',(#2261),#21,.F.);
#2534=ADVANCED_FACE('',(#2262),#2497,.F.);
#2535=ADVANCED_FACE('',(#2263),#22,.F.);
#2536=ADVANCED_FACE('',(#2264),#2498,.F.);
#2537=ADVANCED_FACE('',(#2265),#23,.F.);
#2538=ADVANCED_FACE('',(#2266,#2267),#24,.F.);
#2539=ADVANCED_FACE('',(#2268),#2499,.F.);
#2540=ADVANCED_FACE('',(#2269),#25,.T.);
#2541=ADVANCED_FACE('',(#2270),#2500,.F.);
#2542=ADVANCED_FACE('',(#2271),#26,.T.);
#2543=ADVANCED_FACE('',(#2272),#2501,.F.);
#2544=ADVANCED_FACE('',(#2273),#27,.T.);
#2545=ADVANCED_FACE('',(#2274),#28,.T.);
#2546=ADVANCED_FACE('',(#2275,#2276),#29,.F.);
#2547=ADVANCED_FACE('',(#2277),#2502,.F.);
#2548=ADVANCED_FACE('',(#2278,#2279),#30,.F.);
#2549=ADVANCED_FACE('',(#2280),#2503,.F.);
#2550=ADVANCED_FACE('',(#2281,#2282),#31,.F.);
#2551=ADVANCED_FACE('',(#2283),#2504,.F.);
#2552=ADVANCED_FACE('',(#2284,#2285),#32,.F.);
#2553=ADVANCED_FACE('',(#2286),#2505,.F.);
#2554=ADVANCED_FACE('',(#2287,#2288),#33,.F.);
#2555=ADVANCED_FACE('',(#2289),#2506,.F.);
#2556=ADVANCED_FACE('',(#2290,#2291),#34,.F.);
#2557=ADVANCED_FACE('',(#2292),#2507,.F.);
#2558=ADVANCED_FACE('',(#2293,#2294),#35,.F.);
#2559=ADVANCED_FACE('',(#2295),#2508,.F.);
#2560=ADVANCED_FACE('',(#2296,#2297),#36,.F.);
#2561=ADVANCED_FACE('',(#2298),#2509,.F.);
#2562=ADVANCED_FACE('',(#2299,#2300),#37,.F.);
#2563=ADVANCED_FACE('',(#2301),#2510,.F.);
#2564=ADVANCED_FACE('',(#2302,#2303),#38,.F.);
#2565=ADVANCED_FACE('',(#2304),#2511,.F.);
#2566=ADVANCED_FACE('',(#2305,#2306),#39,.F.);
#2567=ADVANCED_FACE('',(#2307),#2512,.F.);
#2568=ADVANCED_FACE('',(#2308,#2309),#40,.F.);
#2569=ADVANCED_FACE('',(#2310),#2513,.F.);
#2570=ADVANCED_FACE('',(#2311,#2312),#41,.F.);
#2571=ADVANCED_FACE('',(#2313,#2314),#42,.F.);
#2572=ADVANCED_FACE('',(#2315,#2316),#43,.F.);
#2573=ADVANCED_FACE('',(#2317,#2318),#44,.F.);
#2574=ADVANCED_FACE('',(#2319,#2320),#45,.F.);
#2575=ADVANCED_FACE('',(#2321,#2322),#46,.F.);
#2576=ADVANCED_FACE('',(#2323,#2324),#47,.F.);
#2577=ADVANCED_FACE('',(#2325,#2326),#48,.F.);
#2578=ADVANCED_FACE('',(#2327,#2328),#49,.F.);
#2579=ADVANCED_FACE('',(#2329,#2330),#50,.F.);
#2580=ADVANCED_FACE('',(#2331,#2332),#51,.F.);
#2581=ADVANCED_FACE('',(#2333,#2334),#52,.F.);
#2582=ADVANCED_FACE('',(#2335,#2336),#53,.F.);
#2583=ADVANCED_FACE('',(#2337,#2338),#54,.F.);
#2584=ADVANCED_FACE('',(#2339,#2340),#55,.F.);
#2585=ADVANCED_FACE('',(#2341,#2342),#56,.F.);
#2586=ADVANCED_FACE('',(#2343,#2344),#57,.F.);
#2587=ADVANCED_FACE('',(#2345,#2346),#58,.F.);
#2588=ADVANCED_FACE('',(#2347,#2348),#59,.F.);
#2589=ADVANCED_FACE('',(#2349,#2350),#60,.F.);
#2590=ADVANCED_FACE('',(#2351,#2352),#61,.F.);
#2591=ADVANCED_FACE('',(#2353,#2354),#62,.F.);
#2592=ADVANCED_FACE('',(#2355,#2356),#63,.F.);
#2593=ADVANCED_FACE('',(#2357,#2358),#64,.F.);
#2594=ADVANCED_FACE('',(#2359,#2360),#65,.F.);
#2595=ADVANCED_FACE('',(#2361,#2362),#66,.F.);
#2596=ADVANCED_FACE('',(#2363,#2364),#67,.F.);
#2597=ADVANCED_FACE('',(#2365,#2366),#68,.F.);
#2598=ADVANCED_FACE('',(#2367,#2368),#69,.F.);
#2599=ADVANCED_FACE('',(#2369,#2370),#70,.F.);
#2600=ADVANCED_FACE('',(#2371,#2372),#71,.F.);
#2601=ADVANCED_FACE('',(#2373,#2374),#72,.F.);
#2602=ADVANCED_FACE('',(#2375,#2376),#73,.F.);
#2603=ADVANCED_FACE('',(#2377,#2378),#74,.F.);
#2604=ADVANCED_FACE('',(#2379,#2380),#75,.F.);
#2605=ADVANCED_FACE('',(#2381,#2382),#76,.F.);
#2606=ADVANCED_FACE('',(#2383,#2384),#77,.F.);
#2607=ADVANCED_FACE('',(#2385,#2386),#78,.F.);
#2608=ADVANCED_FACE('',(#2387,#2388),#79,.F.);
#2609=ADVANCED_FACE('',(#2389,#2390),#80,.F.);
#2610=ADVANCED_FACE('',(#2391,#2392),#81,.F.);
#2611=ADVANCED_FACE('',(#2393,#2394),#82,.F.);
#2612=ADVANCED_FACE('',(#2395,#2396),#83,.F.);
#2613=ADVANCED_FACE('',(#2397,#2398),#84,.F.);
#2614=ADVANCED_FACE('',(#2399,#2400),#85,.F.);
#2615=ADVANCED_FACE('',(#2401,#2402),#86,.F.);
#2616=ADVANCED_FACE('',(#2403,#2404),#87,.F.);
#2617=ADVANCED_FACE('',(#2405,#2406),#88,.F.);
#2618=ADVANCED_FACE('',(#2407,#2408),#89,.F.);
#2619=ADVANCED_FACE('',(#2409,#2410),#90,.F.);
#2620=ADVANCED_FACE('',(#2411,#2412),#91,.F.);
#2621=ADVANCED_FACE('',(#2413,#2414),#92,.F.);
#2622=ADVANCED_FACE('',(#2415,#2416),#93,.F.);
#2623=ADVANCED_FACE('',(#2417,#2418),#94,.F.);
#2624=ADVANCED_FACE('',(#2419,#2420),#95,.F.);
#2625=ADVANCED_FACE('',(#2421,#2422),#96,.F.);
#2626=ADVANCED_FACE('',(#2423,#2424),#97,.F.);
#2627=ADVANCED_FACE('',(#2425,#2426),#98,.F.);
#2628=ADVANCED_FACE('',(#2427,#2428),#99,.F.);
#2629=ADVANCED_FACE('',(#2429,#2430),#100,.F.);
#2630=ADVANCED_FACE('',(#2431,#2432),#101,.F.);
#2631=ADVANCED_FACE('',(#2433,#2434),#102,.F.);
#2632=ADVANCED_FACE('',(#2435,#2436),#103,.F.);
#2633=ADVANCED_FACE('',(#2437,#2438),#104,.F.);
#2634=ADVANCED_FACE('',(#2439,#2440),#105,.F.);
#2635=ADVANCED_FACE('',(#2441,#2442),#106,.F.);
#2636=ADVANCED_FACE('',(#2443,#2444),#107,.F.);
#2637=ADVANCED_FACE('',(#2445,#2446),#108,.F.);
#2638=ADVANCED_FACE('',(#2447,#2448),#109,.F.);
#2639=ADVANCED_FACE('',(#2449,#2450),#110,.F.);
#2640=ADVANCED_FACE('',(#2451,#2452),#111,.F.);
#2641=ADVANCED_FACE('',(#2453,#2454),#112,.F.);
#2642=ADVANCED_FACE('',(#2455,#2456),#113,.F.);
#2643=ADVANCED_FACE('',(#2457,#2458),#114,.F.);
#2644=ADVANCED_FACE('',(#2459,#2460),#115,.F.);
#2645=ADVANCED_FACE('',(#2461,#2462),#116,.F.);
#2646=ADVANCED_FACE('',(#2463,#2464),#117,.F.);
#2647=ADVANCED_FACE('',(#2465,#2466),#118,.F.);
#2648=ADVANCED_FACE('',(#2467,#2468),#119,.F.);
#2649=ADVANCED_FACE('',(#2469,#2470),#120,.F.);
#2650=ADVANCED_FACE('',(#2471),#121,.T.);
#2651=ADVANCED_FACE('',(#2472),#12,.T.);
#2652=ADVANCED_FACE('',(#2473),#13,.T.);
#2653=ADVANCED_FACE('',(#2474),#122,.T.);
#2654=ADVANCED_FACE('',(#2475),#123,.T.);
#2655=ADVANCED_FACE('',(#2476),#14,.T.);
#2656=ADVANCED_FACE('',(#2477),#15,.T.);
#2657=ADVANCED_FACE('',(#2478),#124,.T.);
#2658=ADVANCED_FACE('',(#2479),#2514,.F.);
#2659=ADVANCED_FACE('',(#2480),#2515,.F.);
#2660=ADVANCED_FACE('',(#2481),#125,.F.);
#2661=ADVANCED_FACE('',(#2482),#2516,.T.);
#2662=ADVANCED_FACE('',(#2483),#126,.F.);
#2663=ADVANCED_FACE('',(#2484),#127,.F.);
#2664=ADVANCED_FACE('',(#2485),#2517,.F.);
#2665=ADVANCED_FACE('',(#2486),#128,.F.);
#2666=CLOSED_SHELL('',(#2518,#2519,#2520,#2521,#2522,#2523,#2524,#2525,
#2526,#2527,#2528,#2529,#2530,#2531,#2532,#2533,#2534,#2535,#2536,#2537,
#2538,#2539,#2540,#2541,#2542,#2543,#2544,#2545,#2546,#2547,#2548,#2549,
#2550,#2551,#2552,#2553,#2554,#2555,#2556,#2557,#2558,#2559,#2560,#2561,
#2562,#2563,#2564,#2565,#2566,#2567,#2568,#2569,#2570,#2571,#2572,#2573,
#2574,#2575,#2576,#2577,#2578,#2579,#2580,#2581,#2582,#2583,#2584,#2585,
#2586,#2587,#2588,#2589,#2590,#2591,#2592,#2593,#2594,#2595,#2596,#2597,
#2598,#2599,#2600,#2601,#2602,#2603,#2604,#2605,#2606,#2607,#2608,#2609,
#2610,#2611,#2612,#2613,#2614,#2615,#2616,#2617,#2618,#2619,#2620,#2621,
#2622,#2623,#2624,#2625,#2626,#2627,#2628,#2629,#2630,#2631,#2632,#2633,
#2634,#2635,#2636,#2637,#2638,#2639,#2640,#2641,#2642,#2643,#2644,#2645,
#2646,#2647,#2648,#2649,#2650,#2651,#2652,#2653,#2654,#2655,#2656,#2657,
#2658,#2659,#2660,#2661,#2662,#2663,#2664,#2665));
#2667=STYLED_ITEM('',(#2668),#2675);
#2668=PRESENTATION_STYLE_ASSIGNMENT((#2669));
#2669=SURFACE_STYLE_USAGE(.BOTH.,#2670);
#2670=SURFACE_SIDE_STYLE('',(#2671));
#2671=SURFACE_STYLE_FILL_AREA(#2672);
#2672=FILL_AREA_STYLE('',(#2673));
#2673=FILL_AREA_STYLE_COLOUR('',#2674);
#2674=COLOUR_RGB('',0.647058823529412,0.647058823529412,0.647058823529412);
#2675=MANIFOLD_SOLID_BREP('top case',#2666);
#2676=SHAPE_DEFINITION_REPRESENTATION(#4594,#2677);
#2677=SHAPE_REPRESENTATION('top case',(#2678),#4589);
#2678=AXIS2_PLACEMENT_3D('',#3883,#3057,#3058);
#2679=AXIS2_PLACEMENT_3D('',#3884,#3059,#3060);
#2680=AXIS2_PLACEMENT_3D('',#3893,#3065,#3066);
#2681=AXIS2_PLACEMENT_3D('',#3898,#3068,#3069);
#2682=AXIS2_PLACEMENT_3D('',#3902,#3071,#3072);
#2683=AXIS2_PLACEMENT_3D('',#3906,#3074,#3075);
#2684=AXIS2_PLACEMENT_3D('',#3909,#3077,#3078);
#2685=AXIS2_PLACEMENT_3D('',#3913,#3080,#3081);
#2686=AXIS2_PLACEMENT_3D('',#3917,#3083,#3084);
#2687=AXIS2_PLACEMENT_3D('',#3921,#3086,#3087);
#2688=AXIS2_PLACEMENT_3D('',#3925,#3089,#3090);
#2689=AXIS2_PLACEMENT_3D('',#3934,#3095,#3096);
#2690=AXIS2_PLACEMENT_3D('',#3935,#3097,#3098);
#2691=AXIS2_PLACEMENT_3D('',#3937,#3099,#3100);
#2692=AXIS2_PLACEMENT_3D('',#3939,#3101,#3102);
#2693=AXIS2_PLACEMENT_3D('',#3941,#3103,#3104);
#2694=AXIS2_PLACEMENT_3D('',#3943,#3105,#3106);
#2695=AXIS2_PLACEMENT_3D('',#3945,#3107,#3108);
#2696=AXIS2_PLACEMENT_3D('',#3947,#3109,#3110);
#2697=AXIS2_PLACEMENT_3D('',#3949,#3111,#3112);
#2698=AXIS2_PLACEMENT_3D('',#3951,#3113,#3114);
#2699=AXIS2_PLACEMENT_3D('',#3953,#3115,#3116);
#2700=AXIS2_PLACEMENT_3D('',#3955,#3117,#3118);
#2701=AXIS2_PLACEMENT_3D('',#3957,#3119,#3120);
#2702=AXIS2_PLACEMENT_3D('',#3959,#3121,#3122);
#2703=AXIS2_PLACEMENT_3D('',#3961,#3123,#3124);
#2704=AXIS2_PLACEMENT_3D('',#3963,#3125,#3126);
#2705=AXIS2_PLACEMENT_3D('',#3965,#3127,#3128);
#2706=AXIS2_PLACEMENT_3D('',#3967,#3129,#3130);
#2707=AXIS2_PLACEMENT_3D('',#3969,#3131,#3132);
#2708=AXIS2_PLACEMENT_3D('',#3971,#3133,#3134);
#2709=AXIS2_PLACEMENT_3D('',#3973,#3135,#3136);
#2710=AXIS2_PLACEMENT_3D('',#3975,#3137,#3138);
#2711=AXIS2_PLACEMENT_3D('',#3977,#3139,#3140);
#2712=AXIS2_PLACEMENT_3D('',#3979,#3141,#3142);
#2713=AXIS2_PLACEMENT_3D('',#3981,#3143,#3144);
#2714=AXIS2_PLACEMENT_3D('',#3983,#3145,#3146);
#2715=AXIS2_PLACEMENT_3D('',#3985,#3147,#3148);
#2716=AXIS2_PLACEMENT_3D('',#3987,#3149,#3150);
#2717=AXIS2_PLACEMENT_3D('',#3989,#3151,#3152);
#2718=AXIS2_PLACEMENT_3D('',#3991,#3153,#3154);
#2719=AXIS2_PLACEMENT_3D('',#3993,#3155,#3156);
#2720=AXIS2_PLACEMENT_3D('',#3995,#3157,#3158);
#2721=AXIS2_PLACEMENT_3D('',#3997,#3159,#3160);
#2722=AXIS2_PLACEMENT_3D('',#3999,#3161,#3162);
#2723=AXIS2_PLACEMENT_3D('',#4001,#3163,#3164);
#2724=AXIS2_PLACEMENT_3D('',#4003,#3165,#3166);
#2725=AXIS2_PLACEMENT_3D('',#4005,#3167,#3168);
#2726=AXIS2_PLACEMENT_3D('',#4007,#3169,#3170);
#2727=AXIS2_PLACEMENT_3D('',#4009,#3171,#3172);
#2728=AXIS2_PLACEMENT_3D('',#4011,#3173,#3174);
#2729=AXIS2_PLACEMENT_3D('',#4013,#3175,#3176);
#2730=AXIS2_PLACEMENT_3D('',#4015,#3177,#3178);
#2731=AXIS2_PLACEMENT_3D('',#4017,#3179,#3180);
#2732=AXIS2_PLACEMENT_3D('',#4019,#3181,#3182);
#2733=AXIS2_PLACEMENT_3D('',#4021,#3183,#3184);
#2734=AXIS2_PLACEMENT_3D('',#4023,#3185,#3186);
#2735=AXIS2_PLACEMENT_3D('',#4025,#3187,#3188);
#2736=AXIS2_PLACEMENT_3D('',#4027,#3189,#3190);
#2737=AXIS2_PLACEMENT_3D('',#4029,#3191,#3192);
#2738=AXIS2_PLACEMENT_3D('',#4031,#3193,#3194);
#2739=AXIS2_PLACEMENT_3D('',#4033,#3195,#3196);
#2740=AXIS2_PLACEMENT_3D('',#4035,#3197,#3198);
#2741=AXIS2_PLACEMENT_3D('',#4037,#3199,#3200);
#2742=AXIS2_PLACEMENT_3D('',#4039,#3201,#3202);
#2743=AXIS2_PLACEMENT_3D('',#4041,#3203,#3204);
#2744=AXIS2_PLACEMENT_3D('',#4043,#3205,#3206);
#2745=AXIS2_PLACEMENT_3D('',#4045,#3207,#3208);
#2746=AXIS2_PLACEMENT_3D('',#4047,#3209,#3210);
#2747=AXIS2_PLACEMENT_3D('',#4049,#3211,#3212);
#2748=AXIS2_PLACEMENT_3D('',#4051,#3213,#3214);
#2749=AXIS2_PLACEMENT_3D('',#4053,#3215,#3216);
#2750=AXIS2_PLACEMENT_3D('',#4055,#3217,#3218);
#2751=AXIS2_PLACEMENT_3D('',#4057,#3219,#3220);
#2752=AXIS2_PLACEMENT_3D('',#4059,#3221,#3222);
#2753=AXIS2_PLACEMENT_3D('',#4061,#3223,#3224);
#2754=AXIS2_PLACEMENT_3D('',#4063,#3225,#3226);
#2755=AXIS2_PLACEMENT_3D('',#4065,#3227,#3228);
#2756=AXIS2_PLACEMENT_3D('',#4067,#3229,#3230);
#2757=AXIS2_PLACEMENT_3D('',#4069,#3231,#3232);
#2758=AXIS2_PLACEMENT_3D('',#4071,#3233,#3234);
#2759=AXIS2_PLACEMENT_3D('',#4073,#3235,#3236);
#2760=AXIS2_PLACEMENT_3D('',#4075,#3237,#3238);
#2761=AXIS2_PLACEMENT_3D('',#4077,#3239,#3240);
#2762=AXIS2_PLACEMENT_3D('',#4079,#3241,#3242);
#2763=AXIS2_PLACEMENT_3D('',#4081,#3243,#3244);
#2764=AXIS2_PLACEMENT_3D('',#4083,#3245,#3246);
#2765=AXIS2_PLACEMENT_3D('',#4085,#3247,#3248);
#2766=AXIS2_PLACEMENT_3D('',#4087,#3249,#3250);
#2767=AXIS2_PLACEMENT_3D('',#4089,#3251,#3252);
#2768=AXIS2_PLACEMENT_3D('',#4091,#3253,#3254);
#2769=AXIS2_PLACEMENT_3D('',#4093,#3255,#3256);
#2770=AXIS2_PLACEMENT_3D('',#4095,#3257,#3258);
#2771=AXIS2_PLACEMENT_3D('',#4099,#3260,#3261);
#2772=AXIS2_PLACEMENT_3D('',#4103,#3263,#3264);
#2773=AXIS2_PLACEMENT_3D('',#4107,#3266,#3267);
#2774=AXIS2_PLACEMENT_3D('',#4108,#3268,#3269);
#2775=AXIS2_PLACEMENT_3D('',#4113,#3271,#3272);
#2776=AXIS2_PLACEMENT_3D('',#4117,#3274,#3275);
#2777=AXIS2_PLACEMENT_3D('',#4121,#3277,#3278);
#2778=AXIS2_PLACEMENT_3D('',#4124,#3280,#3281);
#2779=AXIS2_PLACEMENT_3D('',#4126,#3282,#3283);
#2780=AXIS2_PLACEMENT_3D('',#4127,#3284,#3285);
#2781=AXIS2_PLACEMENT_3D('',#4132,#3287,#3288);
#2782=AXIS2_PLACEMENT_3D('',#4136,#3290,#3291);
#2783=AXIS2_PLACEMENT_3D('',#4140,#3293,#3294);
#2784=AXIS2_PLACEMENT_3D('',#4143,#3296,#3297);
#2785=AXIS2_PLACEMENT_3D('',#4145,#3298,#3299);
#2786=AXIS2_PLACEMENT_3D('',#4147,#3300,#3301);
#2787=AXIS2_PLACEMENT_3D('',#4149,#3302,#3303);
#2788=AXIS2_PLACEMENT_3D('',#4151,#3304,#3305);
#2789=AXIS2_PLACEMENT_3D('',#4153,#3306,#3307);
#2790=AXIS2_PLACEMENT_3D('',#4155,#3308,#3309);
#2791=AXIS2_PLACEMENT_3D('',#4157,#3310,#3311);
#2792=AXIS2_PLACEMENT_3D('',#4159,#3312,#3313);
#2793=AXIS2_PLACEMENT_3D('',#4161,#3314,#3315);
#2794=AXIS2_PLACEMENT_3D('',#4163,#3316,#3317);
#2795=AXIS2_PLACEMENT_3D('',#4165,#3318,#3319);
#2796=AXIS2_PLACEMENT_3D('',#4167,#3320,#3321);
#2797=AXIS2_PLACEMENT_3D('',#4169,#3322,#3323);
#2798=AXIS2_PLACEMENT_3D('',#4171,#3324,#3325);
#2799=AXIS2_PLACEMENT_3D('',#4173,#3326,#3327);
#2800=AXIS2_PLACEMENT_3D('',#4175,#3328,#3329);
#2801=AXIS2_PLACEMENT_3D('',#4177,#3330,#3331);
#2802=AXIS2_PLACEMENT_3D('',#4179,#3332,#3333);
#2803=AXIS2_PLACEMENT_3D('',#4181,#3334,#3335);
#2804=AXIS2_PLACEMENT_3D('',#4183,#3336,#3337);
#2805=AXIS2_PLACEMENT_3D('',#4185,#3338,#3339);
#2806=AXIS2_PLACEMENT_3D('',#4187,#3340,#3341);
#2807=AXIS2_PLACEMENT_3D('',#4189,#3342,#3343);
#2808=AXIS2_PLACEMENT_3D('',#4191,#3344,#3345);
#2809=AXIS2_PLACEMENT_3D('',#4193,#3346,#3347);
#2810=AXIS2_PLACEMENT_3D('',#4195,#3348,#3349);
#2811=AXIS2_PLACEMENT_3D('',#4197,#3350,#3351);
#2812=AXIS2_PLACEMENT_3D('',#4199,#3352,#3353);
#2813=AXIS2_PLACEMENT_3D('',#4201,#3354,#3355);
#2814=AXIS2_PLACEMENT_3D('',#4203,#3356,#3357);
#2815=AXIS2_PLACEMENT_3D('',#4205,#3358,#3359);
#2816=AXIS2_PLACEMENT_3D('',#4207,#3360,#3361);
#2817=AXIS2_PLACEMENT_3D('',#4209,#3362,#3363);
#2818=AXIS2_PLACEMENT_3D('',#4211,#3364,#3365);
#2819=AXIS2_PLACEMENT_3D('',#4213,#3366,#3367);
#2820=AXIS2_PLACEMENT_3D('',#4215,#3368,#3369);
#2821=AXIS2_PLACEMENT_3D('',#4217,#3370,#3371);
#2822=AXIS2_PLACEMENT_3D('',#4219,#3372,#3373);
#2823=AXIS2_PLACEMENT_3D('',#4221,#3374,#3375);
#2824=AXIS2_PLACEMENT_3D('',#4223,#3376,#3377);
#2825=AXIS2_PLACEMENT_3D('',#4225,#3378,#3379);
#2826=AXIS2_PLACEMENT_3D('',#4227,#3380,#3381);
#2827=AXIS2_PLACEMENT_3D('',#4229,#3382,#3383);
#2828=AXIS2_PLACEMENT_3D('',#4231,#3384,#3385);
#2829=AXIS2_PLACEMENT_3D('',#4233,#3386,#3387);
#2830=AXIS2_PLACEMENT_3D('',#4235,#3388,#3389);
#2831=AXIS2_PLACEMENT_3D('',#4237,#3390,#3391);
#2832=AXIS2_PLACEMENT_3D('',#4239,#3392,#3393);
#2833=AXIS2_PLACEMENT_3D('',#4241,#3394,#3395);
#2834=AXIS2_PLACEMENT_3D('',#4243,#3396,#3397);
#2835=AXIS2_PLACEMENT_3D('',#4245,#3398,#3399);
#2836=AXIS2_PLACEMENT_3D('',#4247,#3400,#3401);
#2837=AXIS2_PLACEMENT_3D('',#4249,#3402,#3403);
#2838=AXIS2_PLACEMENT_3D('',#4251,#3404,#3405);
#2839=AXIS2_PLACEMENT_3D('',#4253,#3406,#3407);
#2840=AXIS2_PLACEMENT_3D('',#4255,#3408,#3409);
#2841=AXIS2_PLACEMENT_3D('',#4257,#3410,#3411);
#2842=AXIS2_PLACEMENT_3D('',#4259,#3412,#3413);
#2843=AXIS2_PLACEMENT_3D('',#4261,#3414,#3415);
#2844=AXIS2_PLACEMENT_3D('',#4263,#3416,#3417);
#2845=AXIS2_PLACEMENT_3D('',#4265,#3418,#3419);
#2846=AXIS2_PLACEMENT_3D('',#4267,#3420,#3421);
#2847=AXIS2_PLACEMENT_3D('',#4269,#3422,#3423);
#2848=AXIS2_PLACEMENT_3D('',#4271,#3424,#3425);
#2849=AXIS2_PLACEMENT_3D('',#4273,#3426,#3427);
#2850=AXIS2_PLACEMENT_3D('',#4275,#3428,#3429);
#2851=AXIS2_PLACEMENT_3D('',#4277,#3430,#3431);
#2852=AXIS2_PLACEMENT_3D('',#4279,#3432,#3433);
#2853=AXIS2_PLACEMENT_3D('',#4281,#3434,#3435);
#2854=AXIS2_PLACEMENT_3D('',#4283,#3436,#3437);
#2855=AXIS2_PLACEMENT_3D('',#4285,#3438,#3439);
#2856=AXIS2_PLACEMENT_3D('',#4287,#3440,#3441);
#2857=AXIS2_PLACEMENT_3D('',#4289,#3442,#3443);
#2858=AXIS2_PLACEMENT_3D('',#4291,#3444,#3445);
#2859=AXIS2_PLACEMENT_3D('',#4293,#3446,#3447);
#2860=AXIS2_PLACEMENT_3D('',#4295,#3448,#3449);
#2861=AXIS2_PLACEMENT_3D('',#4297,#3450,#3451);
#2862=AXIS2_PLACEMENT_3D('',#4299,#3452,#3453);
#2863=AXIS2_PLACEMENT_3D('',#4301,#3454,#3455);
#2864=AXIS2_PLACEMENT_3D('',#4306,#3457,#3458);
#2865=AXIS2_PLACEMENT_3D('',#4310,#3460,#3461);
#2866=AXIS2_PLACEMENT_3D('',#4314,#3463,#3464);
#2867=AXIS2_PLACEMENT_3D('',#4318,#3466,#3467);
#2868=AXIS2_PLACEMENT_3D('',#4319,#3468,#3469);
#2869=AXIS2_PLACEMENT_3D('',#4321,#3470,#3471);
#2870=AXIS2_PLACEMENT_3D('',#4327,#3475,#3476);
#2871=AXIS2_PLACEMENT_3D('',#4328,#3477,#3478);
#2872=AXIS2_PLACEMENT_3D('',#4331,#3480,#3481);
#2873=AXIS2_PLACEMENT_3D('',#4335,#3484,#3485);
#2874=AXIS2_PLACEMENT_3D('',#4336,#3486,#3487);
#2875=AXIS2_PLACEMENT_3D('',#4339,#3489,#3490);
#2876=AXIS2_PLACEMENT_3D('',#4343,#3493,#3494);
#2877=AXIS2_PLACEMENT_3D('',#4344,#3495,#3496);
#2878=AXIS2_PLACEMENT_3D('',#4345,#3497,#3498);
#2879=AXIS2_PLACEMENT_3D('',#4346,#3499,#3500);
#2880=AXIS2_PLACEMENT_3D('',#4347,#3501,#3502);
#2881=AXIS2_PLACEMENT_3D('',#4348,#3503,#3504);
#2882=AXIS2_PLACEMENT_3D('',#4350,#3505,#3506);
#2883=AXIS2_PLACEMENT_3D('',#4352,#3507,#3508);
#2884=AXIS2_PLACEMENT_3D('',#4354,#3509,#3510);
#2885=AXIS2_PLACEMENT_3D('',#4356,#3511,#3512);
#2886=AXIS2_PLACEMENT_3D('',#4358,#3513,#3514);
#2887=AXIS2_PLACEMENT_3D('',#4360,#3515,#3516);
#2888=AXIS2_PLACEMENT_3D('',#4362,#3517,#3518);
#2889=AXIS2_PLACEMENT_3D('',#4364,#3519,#3520);
#2890=AXIS2_PLACEMENT_3D('',#4366,#3521,#3522);
#2891=AXIS2_PLACEMENT_3D('',#4368,#3523,#3524);
#2892=AXIS2_PLACEMENT_3D('',#4370,#3525,#3526);
#2893=AXIS2_PLACEMENT_3D('',#4375,#3528,#3529);
#2894=AXIS2_PLACEMENT_3D('',#4376,#3530,#3531);
#2895=AXIS2_PLACEMENT_3D('',#4380,#3533,#3534);
#2896=AXIS2_PLACEMENT_3D('',#4384,#3536,#3537);
#2897=AXIS2_PLACEMENT_3D('',#4385,#3538,#3539);
#2898=AXIS2_PLACEMENT_3D('',#4388,#3542,#3543);
#2899=AXIS2_PLACEMENT_3D('',#4390,#3545,#3546);
#2900=AXIS2_PLACEMENT_3D('',#4392,#3548,#3549);
#2901=AXIS2_PLACEMENT_3D('',#4394,#3551,#3552);
#2902=AXIS2_PLACEMENT_3D('',#4396,#3554,#3555);
#2903=AXIS2_PLACEMENT_3D('',#4398,#3557,#3558);
#2904=AXIS2_PLACEMENT_3D('',#4400,#3560,#3561);
#2905=AXIS2_PLACEMENT_3D('',#4401,#3562,#3563);
#2906=AXIS2_PLACEMENT_3D('',#4402,#3564,#3565);
#2907=AXIS2_PLACEMENT_3D('',#4408,#3569,#3570);
#2908=AXIS2_PLACEMENT_3D('',#4411,#3572,#3573);
#2909=AXIS2_PLACEMENT_3D('',#4412,#3574,#3575);
#2910=AXIS2_PLACEMENT_3D('',#4416,#3578,#3579);
#2911=AXIS2_PLACEMENT_3D('',#4419,#3581,#3582);
#2912=AXIS2_PLACEMENT_3D('',#4420,#3583,#3584);
#2913=AXIS2_PLACEMENT_3D('',#4424,#3587,#3588);
#2914=AXIS2_PLACEMENT_3D('',#4425,#3589,#3590);
#2915=AXIS2_PLACEMENT_3D('',#4426,#3591,#3592);
#2916=AXIS2_PLACEMENT_3D('',#4427,#3593,#3594);
#2917=AXIS2_PLACEMENT_3D('',#4428,#3595,#3596);
#2918=AXIS2_PLACEMENT_3D('',#4429,#3597,#3598);
#2919=AXIS2_PLACEMENT_3D('',#4431,#3599,#3600);
#2920=AXIS2_PLACEMENT_3D('',#4432,#3601,#3602);
#2921=AXIS2_PLACEMENT_3D('',#4433,#3603,#3604);
#2922=AXIS2_PLACEMENT_3D('',#4435,#3605,#3606);
#2923=AXIS2_PLACEMENT_3D('',#4436,#3607,#3608);
#2924=AXIS2_PLACEMENT_3D('',#4437,#3609,#3610);
#2925=AXIS2_PLACEMENT_3D('',#4439,#3611,#3612);
#2926=AXIS2_PLACEMENT_3D('',#4440,#3613,#3614);
#2927=AXIS2_PLACEMENT_3D('',#4441,#3615,#3616);
#2928=AXIS2_PLACEMENT_3D('',#4443,#3617,#3618);
#2929=AXIS2_PLACEMENT_3D('',#4444,#3619,#3620);
#2930=AXIS2_PLACEMENT_3D('',#4445,#3621,#3622);
#2931=AXIS2_PLACEMENT_3D('',#4447,#3623,#3624);
#2932=AXIS2_PLACEMENT_3D('',#4448,#3625,#3626);
#2933=AXIS2_PLACEMENT_3D('',#4449,#3627,#3628);
#2934=AXIS2_PLACEMENT_3D('',#4451,#3629,#3630);
#2935=AXIS2_PLACEMENT_3D('',#4452,#3631,#3632);
#2936=AXIS2_PLACEMENT_3D('',#4453,#3633,#3634);
#2937=AXIS2_PLACEMENT_3D('',#4455,#3635,#3636);
#2938=AXIS2_PLACEMENT_3D('',#4456,#3637,#3638);
#2939=AXIS2_PLACEMENT_3D('',#4457,#3639,#3640);
#2940=AXIS2_PLACEMENT_3D('',#4459,#3641,#3642);
#2941=AXIS2_PLACEMENT_3D('',#4460,#3643,#3644);
#2942=AXIS2_PLACEMENT_3D('',#4461,#3645,#3646);
#2943=AXIS2_PLACEMENT_3D('',#4463,#3647,#3648);
#2944=AXIS2_PLACEMENT_3D('',#4464,#3649,#3650);
#2945=AXIS2_PLACEMENT_3D('',#4465,#3651,#3652);
#2946=AXIS2_PLACEMENT_3D('',#4467,#3653,#3654);
#2947=AXIS2_PLACEMENT_3D('',#4468,#3655,#3656);
#2948=AXIS2_PLACEMENT_3D('',#4469,#3657,#3658);
#2949=AXIS2_PLACEMENT_3D('',#4471,#3659,#3660);
#2950=AXIS2_PLACEMENT_3D('',#4472,#3661,#3662);
#2951=AXIS2_PLACEMENT_3D('',#4473,#3663,#3664);
#2952=AXIS2_PLACEMENT_3D('',#4475,#3665,#3666);
#2953=AXIS2_PLACEMENT_3D('',#4476,#3667,#3668);
#2954=AXIS2_PLACEMENT_3D('',#4477,#3669,#3670);
#2955=AXIS2_PLACEMENT_3D('',#4478,#3671,#3672);
#2956=AXIS2_PLACEMENT_3D('',#4479,#3673,#3674);
#2957=AXIS2_PLACEMENT_3D('',#4480,#3675,#3676);
#2958=AXIS2_PLACEMENT_3D('',#4481,#3677,#3678);
#2959=AXIS2_PLACEMENT_3D('',#4482,#3679,#3680);
#2960=AXIS2_PLACEMENT_3D('',#4483,#3681,#3682);
#2961=AXIS2_PLACEMENT_3D('',#4484,#3683,#3684);
#2962=AXIS2_PLACEMENT_3D('',#4485,#3685,#3686);
#2963=AXIS2_PLACEMENT_3D('',#4486,#3687,#3688);
#2964=AXIS2_PLACEMENT_3D('',#4487,#3689,#3690);
#2965=AXIS2_PLACEMENT_3D('',#4488,#3691,#3692);
#2966=AXIS2_PLACEMENT_3D('',#4489,#3693,#3694);
#2967=AXIS2_PLACEMENT_3D('',#4490,#3695,#3696);
#2968=AXIS2_PLACEMENT_3D('',#4491,#3697,#3698);
#2969=AXIS2_PLACEMENT_3D('',#4492,#3699,#3700);
#2970=AXIS2_PLACEMENT_3D('',#4493,#3701,#3702);
#2971=AXIS2_PLACEMENT_3D('',#4494,#3703,#3704);
#2972=AXIS2_PLACEMENT_3D('',#4495,#3705,#3706);
#2973=AXIS2_PLACEMENT_3D('',#4496,#3707,#3708);
#2974=AXIS2_PLACEMENT_3D('',#4497,#3709,#3710);
#2975=AXIS2_PLACEMENT_3D('',#4498,#3711,#3712);
#2976=AXIS2_PLACEMENT_3D('',#4499,#3713,#3714);
#2977=AXIS2_PLACEMENT_3D('',#4500,#3715,#3716);
#2978=AXIS2_PLACEMENT_3D('',#4501,#3717,#3718);
#2979=AXIS2_PLACEMENT_3D('',#4502,#3719,#3720);
#2980=AXIS2_PLACEMENT_3D('',#4503,#3721,#3722);
#2981=AXIS2_PLACEMENT_3D('',#4504,#3723,#3724);
#2982=AXIS2_PLACEMENT_3D('',#4505,#3725,#3726);
#2983=AXIS2_PLACEMENT_3D('',#4506,#3727,#3728);
#2984=AXIS2_PLACEMENT_3D('',#4507,#3729,#3730);
#2985=AXIS2_PLACEMENT_3D('',#4508,#3731,#3732);
#2986=AXIS2_PLACEMENT_3D('',#4509,#3733,#3734);
#2987=AXIS2_PLACEMENT_3D('',#4510,#3735,#3736);
#2988=AXIS2_PLACEMENT_3D('',#4511,#3737,#3738);
#2989=AXIS2_PLACEMENT_3D('',#4512,#3739,#3740);
#2990=AXIS2_PLACEMENT_3D('',#4513,#3741,#3742);
#2991=AXIS2_PLACEMENT_3D('',#4514,#3743,#3744);
#2992=AXIS2_PLACEMENT_3D('',#4515,#3745,#3746);
#2993=AXIS2_PLACEMENT_3D('',#4516,#3747,#3748);
#2994=AXIS2_PLACEMENT_3D('',#4517,#3749,#3750);
#2995=AXIS2_PLACEMENT_3D('',#4518,#3751,#3752);
#2996=AXIS2_PLACEMENT_3D('',#4519,#3753,#3754);
#2997=AXIS2_PLACEMENT_3D('',#4520,#3755,#3756);
#2998=AXIS2_PLACEMENT_3D('',#4521,#3757,#3758);
#2999=AXIS2_PLACEMENT_3D('',#4522,#3759,#3760);
#3000=AXIS2_PLACEMENT_3D('',#4523,#3761,#3762);
#3001=AXIS2_PLACEMENT_3D('',#4524,#3763,#3764);
#3002=AXIS2_PLACEMENT_3D('',#4525,#3765,#3766);
#3003=AXIS2_PLACEMENT_3D('',#4526,#3767,#3768);
#3004=AXIS2_PLACEMENT_3D('',#4527,#3769,#3770);
#3005=AXIS2_PLACEMENT_3D('',#4528,#3771,#3772);
#3006=AXIS2_PLACEMENT_3D('',#4529,#3773,#3774);
#3007=AXIS2_PLACEMENT_3D('',#4530,#3775,#3776);
#3008=AXIS2_PLACEMENT_3D('',#4531,#3777,#3778);
#3009=AXIS2_PLACEMENT_3D('',#4532,#3779,#3780);
#3010=AXIS2_PLACEMENT_3D('',#4533,#3781,#3782);
#3011=AXIS2_PLACEMENT_3D('',#4534,#3783,#3784);
#3012=AXIS2_PLACEMENT_3D('',#4535,#3785,#3786);
#3013=AXIS2_PLACEMENT_3D('',#4536,#3787,#3788);
#3014=AXIS2_PLACEMENT_3D('',#4537,#3789,#3790);
#3015=AXIS2_PLACEMENT_3D('',#4538,#3791,#3792);
#3016=AXIS2_PLACEMENT_3D('',#4539,#3793,#3794);
#3017=AXIS2_PLACEMENT_3D('',#4540,#3795,#3796);
#3018=AXIS2_PLACEMENT_3D('',#4541,#3797,#3798);
#3019=AXIS2_PLACEMENT_3D('',#4542,#3799,#3800);
#3020=AXIS2_PLACEMENT_3D('',#4543,#3801,#3802);
#3021=AXIS2_PLACEMENT_3D('',#4544,#3803,#3804);
#3022=AXIS2_PLACEMENT_3D('',#4545,#3805,#3806);
#3023=AXIS2_PLACEMENT_3D('',#4546,#3807,#3808);
#3024=AXIS2_PLACEMENT_3D('',#4547,#3809,#3810);
#3025=AXIS2_PLACEMENT_3D('',#4548,#3811,#3812);
#3026=AXIS2_PLACEMENT_3D('',#4549,#3813,#3814);
#3027=AXIS2_PLACEMENT_3D('',#4550,#3815,#3816);
#3028=AXIS2_PLACEMENT_3D('',#4551,#3817,#3818);
#3029=AXIS2_PLACEMENT_3D('',#4552,#3819,#3820);
#3030=AXIS2_PLACEMENT_3D('',#4553,#3821,#3822);
#3031=AXIS2_PLACEMENT_3D('',#4554,#3823,#3824);
#3032=AXIS2_PLACEMENT_3D('',#4555,#3825,#3826);
#3033=AXIS2_PLACEMENT_3D('',#4556,#3827,#3828);
#3034=AXIS2_PLACEMENT_3D('',#4557,#3829,#3830);
#3035=AXIS2_PLACEMENT_3D('',#4558,#3831,#3832);
#3036=AXIS2_PLACEMENT_3D('',#4559,#3833,#3834);
#3037=AXIS2_PLACEMENT_3D('',#4560,#3835,#3836);
#3038=AXIS2_PLACEMENT_3D('',#4561,#3837,#3838);
#3039=AXIS2_PLACEMENT_3D('',#4562,#3839,#3840);
#3040=AXIS2_PLACEMENT_3D('',#4563,#3841,#3842);
#3041=AXIS2_PLACEMENT_3D('',#4564,#3843,#3844);
#3042=AXIS2_PLACEMENT_3D('',#4565,#3845,#3846);
#3043=AXIS2_PLACEMENT_3D('',#4566,#3847,#3848);
#3044=AXIS2_PLACEMENT_3D('',#4567,#3849,#3850);
#3045=AXIS2_PLACEMENT_3D('',#4568,#3851,#3852);
#3046=AXIS2_PLACEMENT_3D('',#4569,#3853,#3854);
#3047=AXIS2_PLACEMENT_3D('',#4570,#3855,#3856);
#3048=AXIS2_PLACEMENT_3D('',#4571,#3857,#3858);
#3049=AXIS2_PLACEMENT_3D('',#4572,#3859,#3860);
#3050=AXIS2_PLACEMENT_3D('',#4575,#3863,#3864);
#3051=AXIS2_PLACEMENT_3D('',#4578,#3867,#3868);
#3052=AXIS2_PLACEMENT_3D('',#4580,#3870,#3871);
#3053=AXIS2_PLACEMENT_3D('',#4582,#3873,#3874);
#3054=AXIS2_PLACEMENT_3D('',#4583,#3875,#3876);
#3055=AXIS2_PLACEMENT_3D('',#4585,#3878,#3879);
#3056=AXIS2_PLACEMENT_3D('',#4587,#3881,#3882);
#3057=DIRECTION('',(0.,0.,1.));
#3058=DIRECTION('',(1.,0.,0.));
#3059=DIRECTION('',(-1.,0.,0.));
#3060=DIRECTION('',(0.,0.,1.));
#3061=DIRECTION('',(0.,0.,1.));
#3062=DIRECTION('',(0.,-1.,0.));
#3063=DIRECTION('',(0.,0.,1.));
#3064=DIRECTION('',(0.,-1.,0.));
#3065=DIRECTION('',(1.,0.,0.));
#3066=DIRECTION('',(0.,0.,-1.));
#3067=DIRECTION('',(0.,-1.,0.));
#3068=DIRECTION('',(1.,0.,0.));
#3069=DIRECTION('',(0.,0.,-1.));
#3070=DIRECTION('',(0.,0.,-1.));
#3071=DIRECTION('',(1.,0.,0.));
#3072=DIRECTION('',(0.,0.,-1.));
#3073=DIRECTION('',(0.,1.,0.));
#3074=DIRECTION('',(1.,0.,0.));
#3075=DIRECTION('',(0.,0.,-1.));
#3076=DIRECTION('',(0.,0.,-1.));
#3077=DIRECTION('',(1.,0.,0.));
#3078=DIRECTION('',(0.,0.,-1.));
#3079=DIRECTION('',(0.,-1.,0.));
#3080=DIRECTION('',(1.,0.,0.));
#3081=DIRECTION('',(0.,0.,-1.));
#3082=DIRECTION('',(0.,0.,-1.));
#3083=DIRECTION('',(1.,0.,0.));
#3084=DIRECTION('',(0.,0.,-1.));
#3085=DIRECTION('',(0.,1.,0.));
#3086=DIRECTION('',(1.,0.,0.));
#3087=DIRECTION('',(0.,0.,-1.));
#3088=DIRECTION('',(0.,0.,-1.));
#3089=DIRECTION('',(1.,0.,0.));
#3090=DIRECTION('',(0.,0.,-1.));
#3091=DIRECTION('',(0.,-1.,0.));
#3092=DIRECTION('',(0.,0.,-1.));
#3093=DIRECTION('',(0.,-1.,0.));
#3094=DIRECTION('',(0.,0.,-1.));
#3095=DIRECTION('',(0.,0.,1.));
#3096=DIRECTION('',(1.,0.,0.));
#3097=DIRECTION('',(0.,0.,1.));
#3098=DIRECTION('',(1.,0.,0.));
#3099=DIRECTION('',(0.,0.,1.));
#3100=DIRECTION('',(1.,0.,0.));
#3101=DIRECTION('',(0.,0.,1.));
#3102=DIRECTION('',(1.,0.,0.));
#3103=DIRECTION('',(0.,0.,1.));
#3104=DIRECTION('',(1.,0.,0.));
#3105=DIRECTION('',(0.,0.,1.));
#3106=DIRECTION('',(1.,0.,0.));
#3107=DIRECTION('',(0.,0.,1.));
#3108=DIRECTION('',(1.,0.,0.));
#3109=DIRECTION('',(0.,0.,1.));
#3110=DIRECTION('',(1.,0.,0.));
#3111=DIRECTION('',(0.,0.,1.));
#3112=DIRECTION('',(1.,0.,0.));
#3113=DIRECTION('',(0.,0.,1.));
#3114=DIRECTION('',(1.,0.,0.));
#3115=DIRECTION('',(0.,0.,1.));
#3116=DIRECTION('',(1.,0.,0.));
#3117=DIRECTION('',(0.,0.,1.));
#3118=DIRECTION('',(1.,0.,0.));
#3119=DIRECTION('',(0.,0.,1.));
#3120=DIRECTION('',(1.,0.,0.));
#3121=DIRECTION('',(0.,0.,1.));
#3122=DIRECTION('',(1.,0.,0.));
#3123=DIRECTION('',(0.,0.,1.));
#3124=DIRECTION('',(1.,0.,0.));
#3125=DIRECTION('',(0.,0.,1.));
#3126=DIRECTION('',(1.,0.,0.));
#3127=DIRECTION('',(0.,0.,1.));
#3128=DIRECTION('',(1.,0.,0.));
#3129=DIRECTION('',(0.,0.,1.));
#3130=DIRECTION('',(1.,0.,0.));
#3131=DIRECTION('',(0.,0.,1.));
#3132=DIRECTION('',(1.,0.,0.));
#3133=DIRECTION('',(0.,0.,1.));
#3134=DIRECTION('',(1.,0.,0.));
#3135=DIRECTION('',(0.,0.,1.));
#3136=DIRECTION('',(1.,0.,0.));
#3137=DIRECTION('',(0.,0.,1.));
#3138=DIRECTION('',(1.,0.,0.));
#3139=DIRECTION('',(0.,0.,1.));
#3140=DIRECTION('',(1.,0.,0.));
#3141=DIRECTION('',(0.,0.,1.));
#3142=DIRECTION('',(1.,0.,0.));
#3143=DIRECTION('',(0.,0.,1.));
#3144=DIRECTION('',(1.,0.,0.));
#3145=DIRECTION('',(0.,0.,1.));
#3146=DIRECTION('',(1.,0.,0.));
#3147=DIRECTION('',(0.,0.,1.));
#3148=DIRECTION('',(1.,0.,0.));
#3149=DIRECTION('',(0.,0.,1.));
#3150=DIRECTION('',(1.,0.,0.));
#3151=DIRECTION('',(0.,0.,1.));
#3152=DIRECTION('',(1.,0.,0.));
#3153=DIRECTION('',(0.,0.,1.));
#3154=DIRECTION('',(1.,0.,0.));
#3155=DIRECTION('',(0.,0.,1.));
#3156=DIRECTION('',(1.,0.,0.));
#3157=DIRECTION('',(0.,0.,1.));
#3158=DIRECTION('',(1.,0.,0.));
#3159=DIRECTION('',(0.,0.,1.));
#3160=DIRECTION('',(1.,0.,0.));
#3161=DIRECTION('',(0.,0.,1.));
#3162=DIRECTION('',(1.,0.,0.));
#3163=DIRECTION('',(0.,0.,1.));
#3164=DIRECTION('',(1.,0.,0.));
#3165=DIRECTION('',(0.,0.,1.));
#3166=DIRECTION('',(1.,0.,0.));
#3167=DIRECTION('',(0.,0.,1.));
#3168=DIRECTION('',(1.,0.,0.));
#3169=DIRECTION('',(0.,0.,1.));
#3170=DIRECTION('',(1.,0.,0.));
#3171=DIRECTION('',(0.,0.,1.));
#3172=DIRECTION('',(1.,0.,0.));
#3173=DIRECTION('',(0.,0.,1.));
#3174=DIRECTION('',(1.,0.,0.));
#3175=DIRECTION('',(0.,0.,1.));
#3176=DIRECTION('',(1.,0.,0.));
#3177=DIRECTION('',(0.,0.,1.));
#3178=DIRECTION('',(1.,0.,0.));
#3179=DIRECTION('',(0.,0.,1.));
#3180=DIRECTION('',(1.,0.,0.));
#3181=DIRECTION('',(0.,0.,1.));
#3182=DIRECTION('',(1.,0.,0.));
#3183=DIRECTION('',(0.,0.,1.));
#3184=DIRECTION('',(1.,0.,0.));
#3185=DIRECTION('',(0.,0.,1.));
#3186=DIRECTION('',(1.,0.,0.));
#3187=DIRECTION('',(0.,0.,1.));
#3188=DIRECTION('',(1.,0.,0.));
#3189=DIRECTION('',(0.,0.,1.));
#3190=DIRECTION('',(1.,0.,0.));
#3191=DIRECTION('',(0.,0.,1.));
#3192=DIRECTION('',(1.,0.,0.));
#3193=DIRECTION('',(0.,0.,1.));
#3194=DIRECTION('',(1.,0.,0.));
#3195=DIRECTION('',(0.,0.,1.));
#3196=DIRECTION('',(1.,0.,0.));
#3197=DIRECTION('',(0.,0.,1.));
#3198=DIRECTION('',(1.,0.,0.));
#3199=DIRECTION('',(0.,0.,1.));
#3200=DIRECTION('',(1.,0.,0.));
#3201=DIRECTION('',(0.,0.,1.));
#3202=DIRECTION('',(1.,0.,0.));
#3203=DIRECTION('',(0.,0.,1.));
#3204=DIRECTION('',(1.,0.,0.));
#3205=DIRECTION('',(0.,0.,1.));
#3206=DIRECTION('',(1.,0.,0.));
#3207=DIRECTION('',(0.,0.,1.));
#3208=DIRECTION('',(1.,0.,0.));
#3209=DIRECTION('',(0.,0.,1.));
#3210=DIRECTION('',(1.,0.,0.));
#3211=DIRECTION('',(0.,0.,1.));
#3212=DIRECTION('',(1.,0.,0.));
#3213=DIRECTION('',(0.,0.,1.));
#3214=DIRECTION('',(1.,0.,0.));
#3215=DIRECTION('',(0.,0.,1.));
#3216=DIRECTION('',(1.,0.,0.));
#3217=DIRECTION('',(0.,0.,1.));
#3218=DIRECTION('',(1.,0.,0.));
#3219=DIRECTION('',(0.,0.,1.));
#3220=DIRECTION('',(1.,0.,0.));
#3221=DIRECTION('',(0.,0.,1.));
#3222=DIRECTION('',(1.,0.,0.));
#3223=DIRECTION('',(0.,0.,1.));
#3224=DIRECTION('',(1.,0.,0.));
#3225=DIRECTION('',(0.,0.,1.));
#3226=DIRECTION('',(1.,0.,0.));
#3227=DIRECTION('',(0.,0.,1.));
#3228=DIRECTION('',(1.,0.,0.));
#3229=DIRECTION('',(0.,0.,1.));
#3230=DIRECTION('',(1.,0.,0.));
#3231=DIRECTION('',(0.,0.,1.));
#3232=DIRECTION('',(1.,0.,0.));
#3233=DIRECTION('',(0.,0.,1.));
#3234=DIRECTION('',(1.,0.,0.));
#3235=DIRECTION('',(0.,0.,1.));
#3236=DIRECTION('',(1.,0.,0.));
#3237=DIRECTION('',(0.,0.,1.));
#3238=DIRECTION('',(1.,0.,0.));
#3239=DIRECTION('',(0.,0.,1.));
#3240=DIRECTION('',(1.,0.,0.));
#3241=DIRECTION('',(0.,0.,1.));
#3242=DIRECTION('',(1.,0.,0.));
#3243=DIRECTION('',(0.,0.,1.));
#3244=DIRECTION('',(1.,0.,0.));
#3245=DIRECTION('',(0.,0.,1.));
#3246=DIRECTION('',(1.,0.,0.));
#3247=DIRECTION('',(0.,0.,1.));
#3248=DIRECTION('',(1.,0.,0.));
#3249=DIRECTION('',(0.,0.,1.));
#3250=DIRECTION('',(1.,0.,0.));
#3251=DIRECTION('',(0.,0.,1.));
#3252=DIRECTION('',(1.,0.,0.));
#3253=DIRECTION('',(0.,0.,1.));
#3254=DIRECTION('',(1.,0.,0.));
#3255=DIRECTION('',(0.,0.,1.));
#3256=DIRECTION('',(1.,0.,0.));
#3257=DIRECTION('',(0.,0.,-1.));
#3258=DIRECTION('',(-1.,0.,0.));
#3259=DIRECTION('',(-1.,0.,0.));
#3260=DIRECTION('',(0.,0.,-1.));
#3261=DIRECTION('',(-1.,0.,0.));
#3262=DIRECTION('',(0.,1.,0.));
#3263=DIRECTION('',(0.,0.,-1.));
#3264=DIRECTION('',(-1.,0.,0.));
#3265=DIRECTION('',(1.,0.,0.));
#3266=DIRECTION('',(0.,0.,-1.));
#3267=DIRECTION('',(-1.,0.,0.));
#3268=DIRECTION('',(0.,0.,1.));
#3269=DIRECTION('',(1.,0.,0.));
#3270=DIRECTION('',(0.,-1.,0.));
#3271=DIRECTION('',(0.,0.,1.));
#3272=DIRECTION('',(1.,0.,0.));
#3273=DIRECTION('',(1.,0.,0.));
#3274=DIRECTION('',(0.,0.,1.));
#3275=DIRECTION('',(1.,0.,0.));
#3276=DIRECTION('',(0.,1.,0.));
#3277=DIRECTION('',(0.,0.,1.));
#3278=DIRECTION('',(1.,0.,0.));
#3279=DIRECTION('',(-1.,0.,0.));
#3280=DIRECTION('',(0.,0.,-1.));
#3281=DIRECTION('',(-1.,0.,0.));
#3282=DIRECTION('',(0.,0.,1.));
#3283=DIRECTION('',(1.,0.,0.));
#3284=DIRECTION('',(0.,0.,1.));
#3285=DIRECTION('',(1.,0.,0.));
#3286=DIRECTION('',(0.,-1.,0.));
#3287=DIRECTION('',(0.,0.,1.));
#3288=DIRECTION('',(1.,0.,0.));
#3289=DIRECTION('',(1.,0.,0.));
#3290=DIRECTION('',(0.,0.,1.));
#3291=DIRECTION('',(1.,0.,0.));
#3292=DIRECTION('',(0.,1.,0.));
#3293=DIRECTION('',(0.,0.,1.));
#3294=DIRECTION('',(1.,0.,0.));
#3295=DIRECTION('',(-1.,0.,0.));
#3296=DIRECTION('',(0.,0.,1.));
#3297=DIRECTION('',(1.,0.,0.));
#3298=DIRECTION('',(0.,0.,1.));
#3299=DIRECTION('',(1.,0.,0.));
#3300=DIRECTION('',(0.,0.,1.));
#3301=DIRECTION('',(1.,0.,0.));
#3302=DIRECTION('',(0.,0.,1.));
#3303=DIRECTION('',(1.,0.,0.));
#3304=DIRECTION('',(0.,0.,1.));
#3305=DIRECTION('',(1.,0.,0.));
#3306=DIRECTION('',(0.,0.,1.));
#3307=DIRECTION('',(1.,0.,0.));
#3308=DIRECTION('',(0.,0.,1.));
#3309=DIRECTION('',(1.,0.,0.));
#3310=DIRECTION('',(0.,0.,1.));
#3311=DIRECTION('',(1.,0.,0.));
#3312=DIRECTION('',(0.,0.,1.));
#3313=DIRECTION('',(1.,0.,0.));
#3314=DIRECTION('',(0.,0.,1.));
#3315=DIRECTION('',(1.,0.,0.));
#3316=DIRECTION('',(0.,0.,1.));
#3317=DIRECTION('',(1.,0.,0.));
#3318=DIRECTION('',(0.,0.,1.));
#3319=DIRECTION('',(1.,0.,0.));
#3320=DIRECTION('',(0.,0.,1.));
#3321=DIRECTION('',(1.,0.,0.));
#3322=DIRECTION('',(0.,0.,1.));
#3323=DIRECTION('',(1.,0.,0.));
#3324=DIRECTION('',(0.,0.,1.));
#3325=DIRECTION('',(1.,0.,0.));
#3326=DIRECTION('',(0.,0.,1.));
#3327=DIRECTION('',(1.,0.,0.));
#3328=DIRECTION('',(0.,0.,1.));
#3329=DIRECTION('',(1.,0.,0.));
#3330=DIRECTION('',(0.,0.,1.));
#3331=DIRECTION('',(1.,0.,0.));
#3332=DIRECTION('',(0.,0.,1.));
#3333=DIRECTION('',(1.,0.,0.));
#3334=DIRECTION('',(0.,0.,1.));
#3335=DIRECTION('',(1.,0.,0.));
#3336=DIRECTION('',(0.,0.,1.));
#3337=DIRECTION('',(1.,0.,0.));
#3338=DIRECTION('',(0.,0.,1.));
#3339=DIRECTION('',(1.,0.,0.));
#3340=DIRECTION('',(0.,0.,1.));
#3341=DIRECTION('',(1.,0.,0.));
#3342=DIRECTION('',(0.,0.,1.));
#3343=DIRECTION('',(1.,0.,0.));
#3344=DIRECTION('',(0.,0.,1.));
#3345=DIRECTION('',(1.,0.,0.));
#3346=DIRECTION('',(0.,0.,1.));
#3347=DIRECTION('',(1.,0.,0.));
#3348=DIRECTION('',(0.,0.,1.));
#3349=DIRECTION('',(1.,0.,0.));
#3350=DIRECTION('',(0.,0.,1.));
#3351=DIRECTION('',(1.,0.,0.));
#3352=DIRECTION('',(0.,0.,1.));
#3353=DIRECTION('',(1.,0.,0.));
#3354=DIRECTION('',(0.,0.,1.));
#3355=DIRECTION('',(1.,0.,0.));
#3356=DIRECTION('',(0.,0.,1.));
#3357=DIRECTION('',(1.,0.,0.));
#3358=DIRECTION('',(0.,0.,1.));
#3359=DIRECTION('',(1.,0.,0.));
#3360=DIRECTION('',(0.,0.,1.));
#3361=DIRECTION('',(1.,0.,0.));
#3362=DIRECTION('',(0.,0.,1.));
#3363=DIRECTION('',(1.,0.,0.));
#3364=DIRECTION('',(0.,0.,1.));
#3365=DIRECTION('',(1.,0.,0.));
#3366=DIRECTION('',(0.,0.,1.));
#3367=DIRECTION('',(1.,0.,0.));
#3368=DIRECTION('',(0.,0.,1.));
#3369=DIRECTION('',(1.,0.,0.));
#3370=DIRECTION('',(0.,0.,1.));
#3371=DIRECTION('',(1.,0.,0.));
#3372=DIRECTION('',(0.,0.,1.));
#3373=DIRECTION('',(1.,0.,0.));
#3374=DIRECTION('',(0.,0.,1.));
#3375=DIRECTION('',(1.,0.,0.));
#3376=DIRECTION('',(0.,0.,1.));
#3377=DIRECTION('',(1.,0.,0.));
#3378=DIRECTION('',(0.,0.,1.));
#3379=DIRECTION('',(1.,0.,0.));
#3380=DIRECTION('',(0.,0.,1.));
#3381=DIRECTION('',(1.,0.,0.));
#3382=DIRECTION('',(0.,0.,1.));
#3383=DIRECTION('',(1.,0.,0.));
#3384=DIRECTION('',(0.,0.,1.));
#3385=DIRECTION('',(1.,0.,0.));
#3386=DIRECTION('',(0.,0.,1.));
#3387=DIRECTION('',(1.,0.,0.));
#3388=DIRECTION('',(0.,0.,1.));
#3389=DIRECTION('',(1.,0.,0.));
#3390=DIRECTION('',(0.,0.,1.));
#3391=DIRECTION('',(1.,0.,0.));
#3392=DIRECTION('',(0.,0.,1.));
#3393=DIRECTION('',(1.,0.,0.));
#3394=DIRECTION('',(0.,0.,1.));
#3395=DIRECTION('',(1.,0.,0.));
#3396=DIRECTION('',(0.,0.,1.));
#3397=DIRECTION('',(1.,0.,0.));
#3398=DIRECTION('',(0.,0.,1.));
#3399=DIRECTION('',(1.,0.,0.));
#3400=DIRECTION('',(0.,0.,1.));
#3401=DIRECTION('',(1.,0.,0.));
#3402=DIRECTION('',(0.,0.,1.));
#3403=DIRECTION('',(1.,0.,0.));
#3404=DIRECTION('',(0.,0.,1.));
#3405=DIRECTION('',(1.,0.,0.));
#3406=DIRECTION('',(0.,0.,1.));
#3407=DIRECTION('',(1.,0.,0.));
#3408=DIRECTION('',(0.,0.,1.));
#3409=DIRECTION('',(1.,0.,0.));
#3410=DIRECTION('',(0.,0.,1.));
#3411=DIRECTION('',(1.,0.,0.));
#3412=DIRECTION('',(0.,0.,1.));
#3413=DIRECTION('',(1.,0.,0.));
#3414=DIRECTION('',(0.,0.,1.));
#3415=DIRECTION('',(1.,0.,0.));
#3416=DIRECTION('',(0.,0.,1.));
#3417=DIRECTION('',(1.,0.,0.));
#3418=DIRECTION('',(0.,0.,1.));
#3419=DIRECTION('',(1.,0.,0.));
#3420=DIRECTION('',(0.,0.,1.));
#3421=DIRECTION('',(1.,0.,0.));
#3422=DIRECTION('',(0.,0.,1.));
#3423=DIRECTION('',(1.,0.,0.));
#3424=DIRECTION('',(0.,0.,1.));
#3425=DIRECTION('',(1.,0.,0.));
#3426=DIRECTION('',(0.,0.,1.));
#3427=DIRECTION('',(1.,0.,0.));
#3428=DIRECTION('',(0.,0.,1.));
#3429=DIRECTION('',(1.,0.,0.));
#3430=DIRECTION('',(0.,0.,1.));
#3431=DIRECTION('',(1.,0.,0.));
#3432=DIRECTION('',(0.,0.,1.));
#3433=DIRECTION('',(1.,0.,0.));
#3434=DIRECTION('',(0.,0.,1.));
#3435=DIRECTION('',(1.,0.,0.));
#3436=DIRECTION('',(0.,0.,1.));
#3437=DIRECTION('',(1.,0.,0.));
#3438=DIRECTION('',(0.,0.,1.));
#3439=DIRECTION('',(1.,0.,0.));
#3440=DIRECTION('',(0.,0.,1.));
#3441=DIRECTION('',(1.,0.,0.));
#3442=DIRECTION('',(0.,0.,1.));
#3443=DIRECTION('',(1.,0.,0.));
#3444=DIRECTION('',(0.,0.,1.));
#3445=DIRECTION('',(1.,0.,0.));
#3446=DIRECTION('',(0.,0.,1.));
#3447=DIRECTION('',(1.,0.,0.));
#3448=DIRECTION('',(0.,0.,1.));
#3449=DIRECTION('',(1.,0.,0.));
#3450=DIRECTION('',(0.,0.,1.));
#3451=DIRECTION('',(1.,0.,0.));
#3452=DIRECTION('',(0.,0.,1.));
#3453=DIRECTION('',(1.,0.,0.));
#3454=DIRECTION('',(0.,0.,1.));
#3455=DIRECTION('',(1.,0.,0.));
#3456=DIRECTION('',(0.,-1.,0.));
#3457=DIRECTION('',(0.,0.,1.));
#3458=DIRECTION('',(1.,0.,0.));
#3459=DIRECTION('',(-1.,0.,0.));
#3460=DIRECTION('',(0.,0.,1.));
#3461=DIRECTION('',(1.,0.,0.));
#3462=DIRECTION('',(0.,1.,0.));
#3463=DIRECTION('',(0.,0.,1.));
#3464=DIRECTION('',(1.,0.,0.));
#3465=DIRECTION('',(1.,0.,0.));
#3466=DIRECTION('',(0.,0.,1.));
#3467=DIRECTION('',(1.,0.,0.));
#3468=DIRECTION('',(0.,0.,-1.));
#3469=DIRECTION('',(-1.,0.,0.));
#3470=DIRECTION('',(0.,-1.,0.));
#3471=DIRECTION('',(0.,0.,-1.));
#3472=DIRECTION('',(-1.,0.,0.));
#3473=DIRECTION('',(0.,0.,-1.));
#3474=DIRECTION('',(0.,0.,-1.));
#3475=DIRECTION('',(0.,0.,-1.));
#3476=DIRECTION('',(-1.,0.,0.));
#3477=DIRECTION('',(0.,0.,-1.));
#3478=DIRECTION('',(-1.,0.,0.));
#3479=DIRECTION('',(0.,0.,-1.));
#3480=DIRECTION('',(-1.,0.,0.));
#3481=DIRECTION('',(0.,0.,1.));
#3482=DIRECTION('',(0.,1.,0.));
#3483=DIRECTION('',(0.,0.,-1.));
#3484=DIRECTION('',(0.,0.,-1.));
#3485=DIRECTION('',(-1.,0.,0.));
#3486=DIRECTION('',(0.,0.,-1.));
#3487=DIRECTION('',(-1.,0.,0.));
#3488=DIRECTION('',(0.,0.,-1.));
#3489=DIRECTION('',(0.,1.,0.));
#3490=DIRECTION('',(0.,0.,1.));
#3491=DIRECTION('',(1.,0.,0.));
#3492=DIRECTION('',(0.,0.,-1.));
#3493=DIRECTION('',(0.,0.,-1.));
#3494=DIRECTION('',(-1.,0.,0.));
#3495=DIRECTION('',(0.,0.,-1.));
#3496=DIRECTION('',(-1.,0.,0.));
#3497=DIRECTION('',(0.,0.,-1.));
#3498=DIRECTION('',(-1.,0.,0.));
#3499=DIRECTION('',(0.,0.,-1.));
#3500=DIRECTION('',(-1.,0.,0.));
#3501=DIRECTION('',(0.,0.,1.));
#3502=DIRECTION('',(1.,0.,0.));
#3503=DIRECTION('',(0.,0.,1.));
#3504=DIRECTION('',(1.,0.,0.));
#3505=DIRECTION('',(0.,0.,1.));
#3506=DIRECTION('',(1.,0.,0.));
#3507=DIRECTION('',(0.,0.,1.));
#3508=DIRECTION('',(1.,0.,0.));
#3509=DIRECTION('',(0.,0.,1.));
#3510=DIRECTION('',(1.,0.,0.));
#3511=DIRECTION('',(0.,0.,1.));
#3512=DIRECTION('',(1.,0.,0.));
#3513=DIRECTION('',(0.,0.,1.));
#3514=DIRECTION('',(1.,0.,0.));
#3515=DIRECTION('',(0.,0.,1.));
#3516=DIRECTION('',(1.,0.,0.));
#3517=DIRECTION('',(0.,0.,1.));
#3518=DIRECTION('',(1.,0.,0.));
#3519=DIRECTION('',(0.,0.,1.));
#3520=DIRECTION('',(1.,0.,0.));
#3521=DIRECTION('',(0.,0.,1.));
#3522=DIRECTION('',(1.,0.,0.));
#3523=DIRECTION('',(0.,0.,1.));
#3524=DIRECTION('',(1.,0.,0.));
#3525=DIRECTION('',(0.,0.,1.));
#3526=DIRECTION('',(1.,0.,0.));
#3527=DIRECTION('',(1.,0.,0.));
#3528=DIRECTION('',(0.,0.,1.));
#3529=DIRECTION('',(1.,0.,0.));
#3530=DIRECTION('',(0.,0.,-1.));
#3531=DIRECTION('',(1.,0.,0.));
#3532=DIRECTION('',(-1.,0.,0.));
#3533=DIRECTION('',(0.,0.,1.));
#3534=DIRECTION('',(1.,0.,0.));
#3535=DIRECTION('',(0.,1.,0.));
#3536=DIRECTION('',(0.,0.,1.));
#3537=DIRECTION('',(1.,0.,0.));
#3538=DIRECTION('',(-1.,0.,0.));
#3539=DIRECTION('',(0.,0.,1.));
#3540=DIRECTION('',(0.,0.,-1.));
#3541=DIRECTION('',(0.,0.,-1.));
#3542=DIRECTION('',(0.,0.,-1.));
#3543=DIRECTION('',(-1.,0.,0.));
#3544=DIRECTION('',(0.,0.,-1.));
#3545=DIRECTION('',(0.,-1.,0.));
#3546=DIRECTION('',(0.,0.,-1.));
#3547=DIRECTION('',(0.,0.,-1.));
#3548=DIRECTION('',(0.,0.,-1.));
#3549=DIRECTION('',(-1.,0.,0.));
#3550=DIRECTION('',(0.,0.,-1.));
#3551=DIRECTION('',(1.,0.,0.));
#3552=DIRECTION('',(0.,0.,-1.));
#3553=DIRECTION('',(0.,0.,-1.));
#3554=DIRECTION('',(0.,0.,-1.));
#3555=DIRECTION('',(-1.,0.,0.));
#3556=DIRECTION('',(0.,0.,-1.));
#3557=DIRECTION('',(0.,1.,0.));
#3558=DIRECTION('',(0.,0.,1.));
#3559=DIRECTION('',(0.,0.,-1.));
#3560=DIRECTION('',(0.,0.,-1.));
#3561=DIRECTION('',(-1.,0.,0.));
#3562=DIRECTION('',(0.,0.,-1.));
#3563=DIRECTION('',(-1.,2.07131541159207E-15,0.));
#3564=DIRECTION('',(0.,-1.,0.));
#3565=DIRECTION('',(0.,0.,-1.));
#3566=DIRECTION('',(0.,0.,1.));
#3567=DIRECTION('',(1.,0.,0.));
#3568=DIRECTION('',(0.,0.,1.));
#3569=DIRECTION('',(0.,0.,1.));
#3570=DIRECTION('',(1.,0.,0.));
#3571=DIRECTION('',(0.,0.,1.));
#3572=DIRECTION('',(0.,0.,1.));
#3573=DIRECTION('',(1.,0.,0.));
#3574=DIRECTION('',(1.,0.,0.));
#3575=DIRECTION('',(0.,0.,-1.));
#3576=DIRECTION('',(0.,0.,1.));
#3577=DIRECTION('',(0.,1.,0.));
#3578=DIRECTION('',(0.,0.,1.));
#3579=DIRECTION('',(1.,0.,0.));
#3580=DIRECTION('',(0.,0.,1.));
#3581=DIRECTION('',(0.,0.,1.));
#3582=DIRECTION('',(1.,0.,0.));
#3583=DIRECTION('',(0.,1.,0.));
#3584=DIRECTION('',(0.,0.,1.));
#3585=DIRECTION('',(0.,0.,1.));
#3586=DIRECTION('',(-1.,0.,0.));
#3587=DIRECTION('',(0.,0.,1.));
#3588=DIRECTION('',(1.,0.,0.));
#3589=DIRECTION('',(0.,0.,1.));
#3590=DIRECTION('',(1.,0.,0.));
#3591=DIRECTION('',(0.,0.,1.));
#3592=DIRECTION('',(1.,0.,0.));
#3593=DIRECTION('',(0.,0.,1.));
#3594=DIRECTION('',(1.,0.,0.));
#3595=DIRECTION('',(0.,0.,-1.));
#3596=DIRECTION('',(-1.,0.,0.));
#3597=DIRECTION('',(0.,0.,1.));
#3598=DIRECTION('',(1.,0.,0.));
#3599=DIRECTION('',(0.,0.,1.));
#3600=DIRECTION('',(1.,0.,0.));
#3601=DIRECTION('',(0.,0.,-1.));
#3602=DIRECTION('',(-1.,0.,0.));
#3603=DIRECTION('',(0.,0.,1.));
#3604=DIRECTION('',(1.,0.,0.));
#3605=DIRECTION('',(0.,0.,1.));
#3606=DIRECTION('',(1.,0.,0.));
#3607=DIRECTION('',(0.,0.,-1.));
#3608=DIRECTION('',(-1.,0.,0.));
#3609=DIRECTION('',(0.,0.,1.));
#3610=DIRECTION('',(1.,0.,0.));
#3611=DIRECTION('',(0.,0.,1.));
#3612=DIRECTION('',(1.,0.,0.));
#3613=DIRECTION('',(0.,0.,-1.));
#3614=DIRECTION('',(-1.,0.,0.));
#3615=DIRECTION('',(0.,0.,1.));
#3616=DIRECTION('',(1.,0.,0.));
#3617=DIRECTION('',(0.,0.,1.));
#3618=DIRECTION('',(1.,0.,0.));
#3619=DIRECTION('',(0.,0.,-1.));
#3620=DIRECTION('',(-1.,0.,0.));
#3621=DIRECTION('',(0.,0.,1.));
#3622=DIRECTION('',(1.,0.,0.));
#3623=DIRECTION('',(0.,0.,1.));
#3624=DIRECTION('',(1.,0.,0.));
#3625=DIRECTION('',(0.,0.,-1.));
#3626=DIRECTION('',(-1.,0.,0.));
#3627=DIRECTION('',(0.,0.,1.));
#3628=DIRECTION('',(1.,0.,0.));
#3629=DIRECTION('',(0.,0.,1.));
#3630=DIRECTION('',(1.,0.,0.));
#3631=DIRECTION('',(0.,0.,-1.));
#3632=DIRECTION('',(-1.,0.,0.));
#3633=DIRECTION('',(0.,0.,1.));
#3634=DIRECTION('',(1.,0.,0.));
#3635=DIRECTION('',(0.,0.,1.));
#3636=DIRECTION('',(1.,0.,0.));
#3637=DIRECTION('',(0.,0.,-1.));
#3638=DIRECTION('',(-1.,0.,0.));
#3639=DIRECTION('',(0.,0.,1.));
#3640=DIRECTION('',(1.,0.,0.));
#3641=DIRECTION('',(0.,0.,1.));
#3642=DIRECTION('',(1.,0.,0.));
#3643=DIRECTION('',(0.,0.,-1.));
#3644=DIRECTION('',(-1.,0.,0.));
#3645=DIRECTION('',(0.,0.,1.));
#3646=DIRECTION('',(1.,0.,0.));
#3647=DIRECTION('',(0.,0.,1.));
#3648=DIRECTION('',(1.,0.,0.));
#3649=DIRECTION('',(0.,0.,-1.));
#3650=DIRECTION('',(-1.,0.,0.));
#3651=DIRECTION('',(0.,0.,1.));
#3652=DIRECTION('',(1.,0.,0.));
#3653=DIRECTION('',(0.,0.,1.));
#3654=DIRECTION('',(1.,0.,0.));
#3655=DIRECTION('',(0.,0.,-1.));
#3656=DIRECTION('',(-1.,0.,0.));
#3657=DIRECTION('',(0.,0.,1.));
#3658=DIRECTION('',(1.,0.,0.));
#3659=DIRECTION('',(0.,0.,1.));
#3660=DIRECTION('',(1.,0.,0.));
#3661=DIRECTION('',(0.,0.,-1.));
#3662=DIRECTION('',(-1.,0.,0.));
#3663=DIRECTION('',(0.,0.,1.));
#3664=DIRECTION('',(1.,0.,0.));
#3665=DIRECTION('',(0.,0.,1.));
#3666=DIRECTION('',(1.,0.,0.));
#3667=DIRECTION('',(0.,0.,1.));
#3668=DIRECTION('',(1.,0.,0.));
#3669=DIRECTION('',(0.,0.,1.));
#3670=DIRECTION('',(1.,0.,0.));
#3671=DIRECTION('',(0.,0.,1.));
#3672=DIRECTION('',(1.,0.,0.));
#3673=DIRECTION('',(0.,0.,1.));
#3674=DIRECTION('',(1.,0.,0.));
#3675=DIRECTION('',(0.,0.,1.));
#3676=DIRECTION('',(1.,0.,0.));
#3677=DIRECTION('',(0.,0.,1.));
#3678=DIRECTION('',(1.,0.,0.));
#3679=DIRECTION('',(0.,0.,1.));
#3680=DIRECTION('',(1.,0.,0.));
#3681=DIRECTION('',(0.,0.,1.));
#3682=DIRECTION('',(1.,0.,0.));
#3683=DIRECTION('',(0.,0.,1.));
#3684=DIRECTION('',(1.,0.,0.));
#3685=DIRECTION('',(0.,0.,1.));
#3686=DIRECTION('',(1.,0.,0.));
#3687=DIRECTION('',(0.,0.,1.));
#3688=DIRECTION('',(1.,0.,0.));
#3689=DIRECTION('',(0.,0.,1.));
#3690=DIRECTION('',(1.,0.,0.));
#3691=DIRECTION('',(0.,0.,1.));
#3692=DIRECTION('',(1.,0.,0.));
#3693=DIRECTION('',(0.,0.,1.));
#3694=DIRECTION('',(1.,0.,0.));
#3695=DIRECTION('',(0.,0.,1.));
#3696=DIRECTION('',(1.,0.,0.));
#3697=DIRECTION('',(0.,0.,1.));
#3698=DIRECTION('',(1.,0.,0.));
#3699=DIRECTION('',(0.,0.,1.));
#3700=DIRECTION('',(1.,0.,0.));
#3701=DIRECTION('',(0.,0.,1.));
#3702=DIRECTION('',(1.,0.,0.));
#3703=DIRECTION('',(0.,0.,1.));
#3704=DIRECTION('',(1.,0.,0.));
#3705=DIRECTION('',(0.,0.,1.));
#3706=DIRECTION('',(1.,0.,0.));
#3707=DIRECTION('',(0.,0.,1.));
#3708=DIRECTION('',(1.,0.,0.));
#3709=DIRECTION('',(0.,0.,1.));
#3710=DIRECTION('',(1.,0.,0.));
#3711=DIRECTION('',(0.,0.,1.));
#3712=DIRECTION('',(1.,0.,0.));
#3713=DIRECTION('',(0.,0.,1.));
#3714=DIRECTION('',(1.,0.,0.));
#3715=DIRECTION('',(0.,0.,1.));
#3716=DIRECTION('',(1.,0.,0.));
#3717=DIRECTION('',(0.,0.,1.));
#3718=DIRECTION('',(1.,0.,0.));
#3719=DIRECTION('',(0.,0.,1.));
#3720=DIRECTION('',(1.,0.,0.));
#3721=DIRECTION('',(0.,0.,1.));
#3722=DIRECTION('',(1.,0.,0.));
#3723=DIRECTION('',(0.,0.,1.));
#3724=DIRECTION('',(1.,0.,0.));
#3725=DIRECTION('',(0.,0.,1.));
#3726=DIRECTION('',(1.,0.,0.));
#3727=DIRECTION('',(0.,0.,1.));
#3728=DIRECTION('',(1.,0.,0.));
#3729=DIRECTION('',(0.,0.,1.));
#3730=DIRECTION('',(1.,0.,0.));
#3731=DIRECTION('',(0.,0.,1.));
#3732=DIRECTION('',(1.,0.,0.));
#3733=DIRECTION('',(0.,0.,1.));
#3734=DIRECTION('',(1.,0.,0.));
#3735=DIRECTION('',(0.,0.,1.));
#3736=DIRECTION('',(1.,0.,0.));
#3737=DIRECTION('',(0.,0.,1.));
#3738=DIRECTION('',(1.,0.,0.));
#3739=DIRECTION('',(0.,0.,1.));
#3740=DIRECTION('',(1.,0.,0.));
#3741=DIRECTION('',(0.,0.,1.));
#3742=DIRECTION('',(1.,0.,0.));
#3743=DIRECTION('',(0.,0.,1.));
#3744=DIRECTION('',(1.,0.,0.));
#3745=DIRECTION('',(0.,0.,1.));
#3746=DIRECTION('',(1.,0.,0.));
#3747=DIRECTION('',(0.,0.,1.));
#3748=DIRECTION('',(1.,0.,0.));
#3749=DIRECTION('',(0.,0.,1.));
#3750=DIRECTION('',(1.,0.,0.));
#3751=DIRECTION('',(0.,0.,1.));
#3752=DIRECTION('',(1.,0.,0.));
#3753=DIRECTION('',(0.,0.,1.));
#3754=DIRECTION('',(1.,0.,0.));
#3755=DIRECTION('',(0.,0.,1.));
#3756=DIRECTION('',(1.,0.,0.));
#3757=DIRECTION('',(0.,0.,1.));
#3758=DIRECTION('',(1.,0.,0.));
#3759=DIRECTION('',(0.,0.,1.));
#3760=DIRECTION('',(1.,0.,0.));
#3761=DIRECTION('',(0.,0.,1.));
#3762=DIRECTION('',(1.,0.,0.));
#3763=DIRECTION('',(0.,0.,1.));
#3764=DIRECTION('',(1.,0.,0.));
#3765=DIRECTION('',(0.,0.,1.));
#3766=DIRECTION('',(1.,0.,0.));
#3767=DIRECTION('',(0.,0.,1.));
#3768=DIRECTION('',(1.,0.,0.));
#3769=DIRECTION('',(0.,0.,1.));
#3770=DIRECTION('',(1.,0.,0.));
#3771=DIRECTION('',(0.,0.,1.));
#3772=DIRECTION('',(1.,0.,0.));
#3773=DIRECTION('',(0.,0.,1.));
#3774=DIRECTION('',(1.,0.,0.));
#3775=DIRECTION('',(0.,0.,1.));
#3776=DIRECTION('',(1.,0.,0.));
#3777=DIRECTION('',(0.,0.,1.));
#3778=DIRECTION('',(1.,0.,0.));
#3779=DIRECTION('',(0.,0.,1.));
#3780=DIRECTION('',(1.,0.,0.));
#3781=DIRECTION('',(0.,0.,1.));
#3782=DIRECTION('',(1.,0.,0.));
#3783=DIRECTION('',(0.,0.,1.));
#3784=DIRECTION('',(1.,0.,0.));
#3785=DIRECTION('',(0.,0.,1.));
#3786=DIRECTION('',(1.,0.,0.));
#3787=DIRECTION('',(0.,0.,1.));
#3788=DIRECTION('',(1.,0.,0.));
#3789=DIRECTION('',(0.,0.,1.));
#3790=DIRECTION('',(1.,0.,0.));
#3791=DIRECTION('',(0.,0.,1.));
#3792=DIRECTION('',(1.,0.,0.));
#3793=DIRECTION('',(0.,0.,1.));
#3794=DIRECTION('',(1.,0.,0.));
#3795=DIRECTION('',(0.,0.,1.));
#3796=DIRECTION('',(1.,0.,0.));
#3797=DIRECTION('',(0.,0.,1.));
#3798=DIRECTION('',(1.,0.,0.));
#3799=DIRECTION('',(0.,0.,1.));
#3800=DIRECTION('',(1.,0.,0.));
#3801=DIRECTION('',(0.,0.,1.));
#3802=DIRECTION('',(1.,0.,0.));
#3803=DIRECTION('',(0.,0.,1.));
#3804=DIRECTION('',(1.,0.,0.));
#3805=DIRECTION('',(0.,0.,1.));
#3806=DIRECTION('',(1.,0.,0.));
#3807=DIRECTION('',(0.,0.,1.));
#3808=DIRECTION('',(1.,0.,0.));
#3809=DIRECTION('',(0.,0.,1.));
#3810=DIRECTION('',(1.,0.,0.));
#3811=DIRECTION('',(0.,0.,1.));
#3812=DIRECTION('',(1.,0.,0.));
#3813=DIRECTION('',(0.,0.,1.));
#3814=DIRECTION('',(1.,0.,0.));
#3815=DIRECTION('',(0.,0.,1.));
#3816=DIRECTION('',(1.,0.,0.));
#3817=DIRECTION('',(0.,0.,1.));
#3818=DIRECTION('',(1.,0.,0.));
#3819=DIRECTION('',(0.,0.,1.));
#3820=DIRECTION('',(1.,0.,0.));
#3821=DIRECTION('',(0.,0.,1.));
#3822=DIRECTION('',(1.,0.,0.));
#3823=DIRECTION('',(0.,0.,1.));
#3824=DIRECTION('',(1.,0.,0.));
#3825=DIRECTION('',(0.,0.,1.));
#3826=DIRECTION('',(1.,0.,0.));
#3827=DIRECTION('',(0.,-1.,0.));
#3828=DIRECTION('',(0.,0.,-1.));
#3829=DIRECTION('',(0.,-1.,0.));
#3830=DIRECTION('',(0.,0.,-1.));
#3831=DIRECTION('',(0.,1.,0.));
#3832=DIRECTION('',(0.,0.,1.));
#3833=DIRECTION('',(0.,0.,1.));
#3834=DIRECTION('',(1.,0.,0.));
#3835=DIRECTION('',(1.,0.,0.));
#3836=DIRECTION('',(0.,0.,-1.));
#3837=DIRECTION('',(0.,0.,1.));
#3838=DIRECTION('',(1.,0.,0.));
#3839=DIRECTION('',(1.,0.,0.));
#3840=DIRECTION('',(0.,0.,-1.));
#3841=DIRECTION('',(-1.,0.,0.));
#3842=DIRECTION('',(0.,0.,1.));
#3843=DIRECTION('',(1.,0.,0.));
#3844=DIRECTION('',(0.,0.,-1.));
#3845=DIRECTION('',(1.,0.,0.));
#3846=DIRECTION('',(0.,0.,-1.));
#3847=DIRECTION('',(1.,0.,0.));
#3848=DIRECTION('',(0.,0.,-1.));
#3849=DIRECTION('',(0.,0.,1.));
#3850=DIRECTION('',(1.,0.,0.));
#3851=DIRECTION('',(0.,-1.,0.));
#3852=DIRECTION('',(0.,0.,-1.));
#3853=DIRECTION('',(0.,0.,1.));
#3854=DIRECTION('',(1.,0.,0.));
#3855=DIRECTION('',(0.,1.,0.));
#3856=DIRECTION('',(0.,0.,1.));
#3857=DIRECTION('',(0.,1.,0.));
#3858=DIRECTION('',(0.,0.,1.));
#3859=DIRECTION('',(0.,0.,1.));
#3860=DIRECTION('',(1.,0.,0.));
#3861=DIRECTION('',(1.,0.,0.));
#3862=DIRECTION('',(1.,0.,0.));
#3863=DIRECTION('',(0.,0.,-1.));
#3864=DIRECTION('',(-1.,0.,0.));
#3865=DIRECTION('',(1.,0.,0.));
#3866=DIRECTION('',(1.,0.,0.));
#3867=DIRECTION('',(1.,0.,0.));
#3868=DIRECTION('',(0.,0.,-1.));
#3869=DIRECTION('',(1.,0.,0.));
#3870=DIRECTION('',(0.,-1.,0.));
#3871=DIRECTION('',(0.,0.,-1.));
#3872=DIRECTION('',(1.,0.,0.));
#3873=DIRECTION('',(1.,0.,0.));
#3874=DIRECTION('',(0.,0.,-1.));
#3875=DIRECTION('',(1.,0.,0.));
#3876=DIRECTION('',(0.,0.,-1.));
#3877=DIRECTION('',(1.,0.,0.));
#3878=DIRECTION('',(0.,-1.,0.));
#3879=DIRECTION('',(0.,0.,-1.));
#3880=DIRECTION('',(1.,0.,0.));
#3881=DIRECTION('',(1.,0.,0.));
#3882=DIRECTION('',(0.,0.,-1.));
#3883=CARTESIAN_POINT('',(0.,0.,0.));
#3884=CARTESIAN_POINT('',(0.185475,-0.083124999999975,0.002));
#3885=CARTESIAN_POINT('',(0.185475,-0.03512499850585,0.002));
#3886=CARTESIAN_POINT('',(0.185475,-0.03512499850585,0.002));
#3887=CARTESIAN_POINT('',(0.185475,-0.03512499850585,0.0051));
#3888=CARTESIAN_POINT('',(0.185475,-0.1311250014941,0.0051));
#3889=CARTESIAN_POINT('',(0.185475,-0.1311250014941,0.0051));
#3890=CARTESIAN_POINT('',(0.185475,-0.1311250014941,0.002));
#3891=CARTESIAN_POINT('',(0.185475,-0.1311250014941,0.002));
#3892=CARTESIAN_POINT('',(0.185475,-0.083124999999975,0.002));
#3893=CARTESIAN_POINT('',(0.185475,-0.118925,0.00411857205422696));
#3894=CARTESIAN_POINT('',(0.185475,-0.118925,0.00421857205422697));
#3895=CARTESIAN_POINT('',(0.185475,-0.119025,0.00411857205422696));
#3896=CARTESIAN_POINT('',(0.185475,-0.116025,0.00421857205422697));
#3897=CARTESIAN_POINT('',(0.185475,-0.113125,0.00421857205422696));
#3898=CARTESIAN_POINT('',(0.185475,-0.113125,0.00411857205422699));
#3899=CARTESIAN_POINT('',(0.185475,-0.113025,0.00411857205422696));
#3900=CARTESIAN_POINT('',(0.185475,-0.113025,0.00326857205422697));
#3901=CARTESIAN_POINT('',(0.185475,-0.113025,0.00241857205422697));
#3902=CARTESIAN_POINT('',(0.185475,-0.113125,0.00241857205422694));
#3903=CARTESIAN_POINT('',(0.185475,-0.113125,0.00231857205422697));
#3904=CARTESIAN_POINT('',(0.185475,-0.116025,0.00231857205422697));
#3905=CARTESIAN_POINT('',(0.185475,-0.118925,0.00231857205422697));
#3906=CARTESIAN_POINT('',(0.185475,-0.118925,0.00241857205422697));
#3907=CARTESIAN_POINT('',(0.185475,-0.119025,0.00241857205422697));
#3908=CARTESIAN_POINT('',(0.185475,-0.119025,0.00326857205422697));
#3909=CARTESIAN_POINT('',(0.183075,-0.083124999999975,0.0045));
#3910=CARTESIAN_POINT('',(0.183075,-0.083124999999975,0.00421857205422697));
#3911=CARTESIAN_POINT('',(0.183075,-0.113125,0.00421857205422696));
#3912=CARTESIAN_POINT('',(0.183075,-0.118925,0.00421857205422697));
#3913=CARTESIAN_POINT('',(0.183075,-0.118925,0.00411857205422696));
#3914=CARTESIAN_POINT('',(0.183075,-0.119025,0.00411857205422696));
#3915=CARTESIAN_POINT('',(0.183075,-0.119025,0.0045));
#3916=CARTESIAN_POINT('',(0.183075,-0.119025,0.00241857205422697));
#3917=CARTESIAN_POINT('',(0.183075,-0.118925,0.00241857205422697));
#3918=CARTESIAN_POINT('',(0.183075,-0.118925,0.00231857205422697));
#3919=CARTESIAN_POINT('',(0.183075,-0.083124999999975,0.00231857205422697));
#3920=CARTESIAN_POINT('',(0.183075,-0.113125,0.00231857205422697));
#3921=CARTESIAN_POINT('',(0.183075,-0.113125,0.00241857205422694));
#3922=CARTESIAN_POINT('',(0.183075,-0.113025,0.00241857205422697));
#3923=CARTESIAN_POINT('',(0.183075,-0.113025,0.0045));
#3924=CARTESIAN_POINT('',(0.183075,-0.113025,0.00411857205422696));
#3925=CARTESIAN_POINT('',(0.183075,-0.113125,0.00411857205422699));
#3926=CARTESIAN_POINT('',(0.183075,-0.083124999999975,0.002));
#3927=CARTESIAN_POINT('',(0.183075,-0.03512499850585,0.002));
#3928=CARTESIAN_POINT('',(0.183075,-0.1311250014941,0.002));
#3929=CARTESIAN_POINT('',(0.183075,-0.1311250014941,0.0045));
#3930=CARTESIAN_POINT('',(0.183075,-0.1311250014941,0.0045));
#3931=CARTESIAN_POINT('',(0.183075,-0.083124999999975,0.0045));
#3932=CARTESIAN_POINT('',(0.183075,-0.03512499850585,0.0045));
#3933=CARTESIAN_POINT('',(0.183075,-0.03512499850585,0.0045));
#3934=CARTESIAN_POINT('',(0.148575,-0.0831249999999873,0.0045));
#3935=CARTESIAN_POINT('',(0.173706810442205,-0.125671048160791,0.0045));
#3936=CARTESIAN_POINT('',(0.174206810442205,-0.125671048160791,0.0045));
#3937=CARTESIAN_POINT('',(0.171843243981429,-0.125671048160791,0.0045));
#3938=CARTESIAN_POINT('',(0.172343243981429,-0.125671048160791,0.0045));
#3939=CARTESIAN_POINT('',(0.174312992510709,-0.128872847497639,0.0045));
#3940=CARTESIAN_POINT('',(0.174812992510709,-0.128872847497639,0.0045));
#3941=CARTESIAN_POINT('',(0.175438861249775,-0.127746978758573,0.0045));
#3942=CARTESIAN_POINT('',(0.175938861249775,-0.127746978758573,0.0045));
#3943=CARTESIAN_POINT('',(0.1758509578096,-0.126209013459682,0.0045));
#3944=CARTESIAN_POINT('',(0.1763509578096,-0.126209013459682,0.0045));
#3945=CARTESIAN_POINT('',(0.175438861249774,-0.124671048160791,0.0045));
#3946=CARTESIAN_POINT('',(0.175938861249774,-0.124671048160791,0.0045));
#3947=CARTESIAN_POINT('',(0.174312992510709,-0.123545179421725,0.0045));
#3948=CARTESIAN_POINT('',(0.174812992510709,-0.123545179421725,0.0045));
#3949=CARTESIAN_POINT('',(0.172775027211817,-0.1231330828619,0.0045));
#3950=CARTESIAN_POINT('',(0.173275027211817,-0.1231330828619,0.0045));
#3951=CARTESIAN_POINT('',(0.123036882236589,-0.131111985916531,0.0045));
#3952=CARTESIAN_POINT('',(0.123536882236589,-0.131111985916531,0.0045));
#3953=CARTESIAN_POINT('',(0.172775027211817,-0.127284944057464,0.0045));
#3954=CARTESIAN_POINT('',(0.173275027211817,-0.127284944057464,0.0045));
#3955=CARTESIAN_POINT('',(0.172775027211817,-0.129284944057464,0.0045));
#3956=CARTESIAN_POINT('',(0.173275027211817,-0.129284944057464,0.0045));
#3957=CARTESIAN_POINT('',(0.172775027211817,-0.131284944057464,0.0045));
#3958=CARTESIAN_POINT('',(0.173275027211817,-0.131284944057464,0.0045));
#3959=CARTESIAN_POINT('',(0.121812664448023,-0.130604898305209,0.0045));
#3960=CARTESIAN_POINT('',(0.122312664448023,-0.130604898305209,0.0045));
#3961=CARTESIAN_POINT('',(0.12076140480039,-0.129798238406207,0.0045));
#3962=CARTESIAN_POINT('',(0.12126140480039,-0.129798238406207,0.0045));
#3963=CARTESIAN_POINT('',(0.119954744901388,-0.128746978758574,0.0045));
#3964=CARTESIAN_POINT('',(0.120454744901388,-0.128746978758574,0.0045));
#3965=CARTESIAN_POINT('',(0.119447657290065,-0.127522760970007,0.0045));
#3966=CARTESIAN_POINT('',(0.119947657290065,-0.127522760970007,0.0045));
#3967=CARTESIAN_POINT('',(0.174088774722142,-0.121306041002833,0.0045));
#3968=CARTESIAN_POINT('',(0.174588774722142,-0.121306041002833,0.0045));
#3969=CARTESIAN_POINT('',(0.175312992510708,-0.121813128614156,0.0045));
#3970=CARTESIAN_POINT('',(0.175812992510708,-0.121813128614156,0.0045));
#3971=CARTESIAN_POINT('',(0.176364252158342,-0.122619788513158,0.0045));
#3972=CARTESIAN_POINT('',(0.176864252158342,-0.122619788513158,0.0045));
#3973=CARTESIAN_POINT('',(0.177170912057344,-0.123671048160791,0.0045));
#3974=CARTESIAN_POINT('',(0.177670912057344,-0.123671048160791,0.0045));
#3975=CARTESIAN_POINT('',(0.177677999668666,-0.124895265949357,0.0045));
#3976=CARTESIAN_POINT('',(0.178177999668666,-0.124895265949357,0.0045));
#3977=CARTESIAN_POINT('',(0.177850957809599,-0.126209013459682,0.0045));
#3978=CARTESIAN_POINT('',(0.178350957809599,-0.126209013459682,0.0045));
#3979=CARTESIAN_POINT('',(0.177677999668666,-0.127522760970007,0.0045));
#3980=CARTESIAN_POINT('',(0.178177999668666,-0.127522760970007,0.0045));
#3981=CARTESIAN_POINT('',(0.177170912057344,-0.128746978758573,0.0045));
#3982=CARTESIAN_POINT('',(0.177670912057344,-0.128746978758573,0.0045));
#3983=CARTESIAN_POINT('',(0.176364252158342,-0.129798238406206,0.0045));
#3984=CARTESIAN_POINT('',(0.176864252158342,-0.129798238406206,0.0045));
#3985=CARTESIAN_POINT('',(0.175312992510709,-0.130604898305208,0.0045));
#3986=CARTESIAN_POINT('',(0.175812992510709,-0.130604898305208,0.0045));
#3987=CARTESIAN_POINT('',(0.174088774722143,-0.131111985916531,0.0045));
#3988=CARTESIAN_POINT('',(0.174588774722143,-0.131111985916531,0.0045));
#3989=CARTESIAN_POINT('',(0.171237061912926,-0.128872847497639,0.0045));
#3990=CARTESIAN_POINT('',(0.171737061912926,-0.128872847497639,0.0045));
#3991=CARTESIAN_POINT('',(0.170111193173861,-0.127746978758573,0.0045));
#3992=CARTESIAN_POINT('',(0.170611193173861,-0.127746978758573,0.0045));
#3993=CARTESIAN_POINT('',(0.169699096614035,-0.126209013459682,0.0045));
#3994=CARTESIAN_POINT('',(0.170199096614035,-0.126209013459682,0.0045));
#3995=CARTESIAN_POINT('',(0.17011119317386,-0.124671048160791,0.0045));
#3996=CARTESIAN_POINT('',(0.17061119317386,-0.124671048160791,0.0045));
#3997=CARTESIAN_POINT('',(0.171237061912926,-0.123545179421725,0.0045));
#3998=CARTESIAN_POINT('',(0.171737061912926,-0.123545179421725,0.0045));
#3999=CARTESIAN_POINT('',(0.126888595045805,-0.130604898305208,0.0045));
#4000=CARTESIAN_POINT('',(0.127388595045805,-0.130604898305208,0.0045));
#4001=CARTESIAN_POINT('',(0.125664377257239,-0.131111985916531,0.0045));
#4002=CARTESIAN_POINT('',(0.126164377257239,-0.131111985916531,0.0045));
#4003=CARTESIAN_POINT('',(0.122812664448023,-0.12887284749764,0.0045));
#4004=CARTESIAN_POINT('',(0.123312664448023,-0.12887284749764,0.0045));
#4005=CARTESIAN_POINT('',(0.121686795708957,-0.127746978758574,0.0045));
#4006=CARTESIAN_POINT('',(0.122186795708957,-0.127746978758574,0.0045));
#4007=CARTESIAN_POINT('',(0.121274699149132,-0.126209013459683,0.0045));
#4008=CARTESIAN_POINT('',(0.121774699149132,-0.126209013459683,0.0045));
#4009=CARTESIAN_POINT('',(0.121686795708956,-0.124671048160792,0.0045));
#4010=CARTESIAN_POINT('',(0.122186795708956,-0.124671048160792,0.0045));
#4011=CARTESIAN_POINT('',(0.122812664448022,-0.123545179421725,0.0045));
#4012=CARTESIAN_POINT('',(0.123312664448022,-0.123545179421725,0.0045));
#4013=CARTESIAN_POINT('',(0.124350629746914,-0.1231330828619,0.0045));
#4014=CARTESIAN_POINT('',(0.124850629746914,-0.1231330828619,0.0045));
#4015=CARTESIAN_POINT('',(0.125888595045805,-0.12887284749764,0.0045));
#4016=CARTESIAN_POINT('',(0.126388595045805,-0.12887284749764,0.0045));
#4017=CARTESIAN_POINT('',(0.125282412977302,-0.125671048160791,0.0045));
#4018=CARTESIAN_POINT('',(0.125782412977302,-0.125671048160791,0.0045));
#4019=CARTESIAN_POINT('',(0.124350629746914,-0.131284944057465,0.0045));
#4020=CARTESIAN_POINT('',(0.124850629746914,-0.131284944057465,0.0045));
#4021=CARTESIAN_POINT('',(0.124350629746914,-0.129284944057465,0.0045));
#4022=CARTESIAN_POINT('',(0.124850629746914,-0.129284944057465,0.0045));
#4023=CARTESIAN_POINT('',(0.127014463784871,-0.127746978758573,0.0045));
#4024=CARTESIAN_POINT('',(0.127514463784871,-0.127746978758573,0.0045));
#4025=CARTESIAN_POINT('',(0.127426560344696,-0.126209013459682,0.0045));
#4026=CARTESIAN_POINT('',(0.127926560344696,-0.126209013459682,0.0045));
#4027=CARTESIAN_POINT('',(0.127014463784871,-0.124671048160791,0.0045));
#4028=CARTESIAN_POINT('',(0.127514463784871,-0.124671048160791,0.0045));
#4029=CARTESIAN_POINT('',(0.125888595045805,-0.123545179421725,0.0045));
#4030=CARTESIAN_POINT('',(0.126388595045805,-0.123545179421725,0.0045));
#4031=CARTESIAN_POINT('',(0.127939854693438,-0.129798238406206,0.0045));
#4032=CARTESIAN_POINT('',(0.128439854693438,-0.129798238406206,0.0045));
#4033=CARTESIAN_POINT('',(0.12874651459244,-0.128746978758573,0.0045));
#4034=CARTESIAN_POINT('',(0.12924651459244,-0.128746978758573,0.0045));
#4035=CARTESIAN_POINT('',(0.129253602203762,-0.127522760970007,0.0045));
#4036=CARTESIAN_POINT('',(0.129753602203762,-0.127522760970007,0.0045));
#4037=CARTESIAN_POINT('',(0.129426560344696,-0.126209013459682,0.0045));
#4038=CARTESIAN_POINT('',(0.129926560344696,-0.126209013459682,0.0045));
#4039=CARTESIAN_POINT('',(0.129253602203762,-0.124895265949358,0.0045));
#4040=CARTESIAN_POINT('',(0.129753602203762,-0.124895265949358,0.0045));
#4041=CARTESIAN_POINT('',(0.12874651459244,-0.123671048160791,0.0045));
#4042=CARTESIAN_POINT('',(0.12924651459244,-0.123671048160791,0.0045));
#4043=CARTESIAN_POINT('',(0.127939854693438,-0.122619788513158,0.0045));
#4044=CARTESIAN_POINT('',(0.128439854693438,-0.122619788513158,0.0045));
#4045=CARTESIAN_POINT('',(0.126888595045805,-0.121813128614156,0.0045));
#4046=CARTESIAN_POINT('',(0.127388595045805,-0.121813128614156,0.0045));
#4047=CARTESIAN_POINT('',(0.125664377257238,-0.121306041002834,0.0045));
#4048=CARTESIAN_POINT('',(0.126164377257238,-0.121306041002834,0.0045));
#4049=CARTESIAN_POINT('',(0.124350629746914,-0.1211330828619,0.0045));
#4050=CARTESIAN_POINT('',(0.124850629746914,-0.1211330828619,0.0045));
#4051=CARTESIAN_POINT('',(0.123036882236589,-0.121306041002834,0.0045));
#4052=CARTESIAN_POINT('',(0.123536882236589,-0.121306041002834,0.0045));
#4053=CARTESIAN_POINT('',(0.121812664448022,-0.121813128614157,0.0045));
#4054=CARTESIAN_POINT('',(0.122312664448022,-0.121813128614157,0.0045));
#4055=CARTESIAN_POINT('',(0.12076140480039,-0.122619788513159,0.0045));
#4056=CARTESIAN_POINT('',(0.12126140480039,-0.122619788513159,0.0045));
#4057=CARTESIAN_POINT('',(0.119954744901388,-0.123671048160792,0.0045));
#4058=CARTESIAN_POINT('',(0.120454744901388,-0.123671048160792,0.0045));
#4059=CARTESIAN_POINT('',(0.119447657290065,-0.124895265949358,0.0045));
#4060=CARTESIAN_POINT('',(0.119947657290065,-0.124895265949358,0.0045));
#4061=CARTESIAN_POINT('',(0.119274699149132,-0.126209013459683,0.0045));
#4062=CARTESIAN_POINT('',(0.119774699149132,-0.126209013459683,0.0045));
#4063=CARTESIAN_POINT('',(0.123418846516525,-0.125671048160792,0.0045));
#4064=CARTESIAN_POINT('',(0.123918846516525,-0.125671048160792,0.0045));
#4065=CARTESIAN_POINT('',(0.171461279701493,-0.131111985916531,0.0045));
#4066=CARTESIAN_POINT('',(0.171961279701493,-0.131111985916531,0.0045));
#4067=CARTESIAN_POINT('',(0.170237061912926,-0.130604898305208,0.0045));
#4068=CARTESIAN_POINT('',(0.170737061912926,-0.130604898305208,0.0045));
#4069=CARTESIAN_POINT('',(0.169185802265294,-0.129798238406206,0.0045));
#4070=CARTESIAN_POINT('',(0.169685802265294,-0.129798238406206,0.0045));
#4071=CARTESIAN_POINT('',(0.168379142366292,-0.128746978758573,0.0045));
#4072=CARTESIAN_POINT('',(0.168879142366292,-0.128746978758573,0.0045));
#4073=CARTESIAN_POINT('',(0.167872054754969,-0.127522760970007,0.0045));
#4074=CARTESIAN_POINT('',(0.168372054754969,-0.127522760970007,0.0045));
#4075=CARTESIAN_POINT('',(0.167699096614036,-0.126209013459682,0.0045));
#4076=CARTESIAN_POINT('',(0.168199096614036,-0.126209013459682,0.0045));
#4077=CARTESIAN_POINT('',(0.167872054754969,-0.124895265949358,0.0045));
#4078=CARTESIAN_POINT('',(0.168372054754969,-0.124895265949358,0.0045));
#4079=CARTESIAN_POINT('',(0.168379142366292,-0.123671048160791,0.0045));
#4080=CARTESIAN_POINT('',(0.168879142366292,-0.123671048160791,0.0045));
#4081=CARTESIAN_POINT('',(0.169185802265294,-0.122619788513158,0.0045));
#4082=CARTESIAN_POINT('',(0.169685802265294,-0.122619788513158,0.0045));
#4083=CARTESIAN_POINT('',(0.170237061912926,-0.121813128614156,0.0045));
#4084=CARTESIAN_POINT('',(0.170737061912926,-0.121813128614156,0.0045));
#4085=CARTESIAN_POINT('',(0.171461279701492,-0.121306041002834,0.0045));
#4086=CARTESIAN_POINT('',(0.171961279701492,-0.121306041002834,0.0045));
#4087=CARTESIAN_POINT('',(0.172775027211817,-0.1211330828619,0.0045));
#4088=CARTESIAN_POINT('',(0.173275027211817,-0.1211330828619,0.0045));
#4089=CARTESIAN_POINT('',(0.124350629746914,-0.127284944057465,0.0045));
#4090=CARTESIAN_POINT('',(0.124850629746914,-0.127284944057465,0.0045));
#4091=CARTESIAN_POINT('',(0.1715,-0.08045,0.0045));
#4092=CARTESIAN_POINT('',(0.17565,-0.08045,0.0045));
#4093=CARTESIAN_POINT('',(0.12565,-0.08045,0.0045));
#4094=CARTESIAN_POINT('',(0.1298,-0.08045,0.0045));
#4095=CARTESIAN_POINT('',(0.17907500149415,-0.1311250014941,0.0045));
#4096=CARTESIAN_POINT('',(0.17907500149415,-0.135124999999975,0.0045));
#4097=CARTESIAN_POINT('',(0.148575,-0.135124999999975,0.0045));
#4098=CARTESIAN_POINT('',(0.11807499850585,-0.135124999999975,0.0045));
#4099=CARTESIAN_POINT('',(0.11807499850585,-0.1311250014941,0.0045));
#4100=CARTESIAN_POINT('',(0.114075,-0.1311250014941,0.0045));
#4101=CARTESIAN_POINT('',(0.114075,-0.083124999999975,0.0045));
#4102=CARTESIAN_POINT('',(0.114075,-0.03512499850585,0.0045));
#4103=CARTESIAN_POINT('',(0.11807499850585,-0.03512499850585,0.0045));
#4104=CARTESIAN_POINT('',(0.11807499850585,-0.031125,0.0045));
#4105=CARTESIAN_POINT('',(0.148575,-0.031125,0.0045));
#4106=CARTESIAN_POINT('',(0.17907500149415,-0.031125,0.0045));
#4107=CARTESIAN_POINT('',(0.17907500149415,-0.03512499850585,0.0045));
#4108=CARTESIAN_POINT('',(0.122975002071024,-0.0381250020710256,0.0045));
#4109=CARTESIAN_POINT('',(0.122955490999999,-0.0380269209999973,0.0045));
#4110=CARTESIAN_POINT('',(0.122876920999996,-0.0381054909999967,0.0045));
#4111=CARTESIAN_POINT('',(0.122876920999997,-0.0831249999999873,0.0045));
#4112=CARTESIAN_POINT('',(0.122876920999998,-0.0738445090000004,0.0045));
#4113=CARTESIAN_POINT('',(0.122975002071035,-0.0738249979289629,0.0045));
#4114=CARTESIAN_POINT('',(0.122955490999997,-0.0739230789999987,0.0045));
#4115=CARTESIAN_POINT('',(0.148575,-0.0739230789999981,0.0045));
#4116=CARTESIAN_POINT('',(0.174194508999999,-0.0739230789999978,0.0045));
#4117=CARTESIAN_POINT('',(0.174174997928956,-0.0738249979289561,0.0045));
#4118=CARTESIAN_POINT('',(0.174273078999997,-0.0738445089999996,0.0045));
#4119=CARTESIAN_POINT('',(0.174273078999997,-0.0831249999999873,0.0045));
#4120=CARTESIAN_POINT('',(0.174273078999998,-0.0381054910000002,0.0045));
#4121=CARTESIAN_POINT('',(0.174174997928964,-0.038125002071031,0.0045));
#4122=CARTESIAN_POINT('',(0.174194509,-0.0380269209999974,0.0045));
#4123=CARTESIAN_POINT('',(0.148575,-0.0380269209999974,0.0045));
#4124=CARTESIAN_POINT('',(0.148574964139579,-0.1034,0.0045));
#4125=CARTESIAN_POINT('',(0.168674835273295,-0.1034,0.0045));
#4126=CARTESIAN_POINT('',(0.148575,-0.0831249999999873,0.0055));
#4127=CARTESIAN_POINT('',(0.17907500149415,-0.1311250014941,0.0055));
#4128=CARTESIAN_POINT('',(0.17907500149415,-0.13712499999995,0.0055));
#4129=CARTESIAN_POINT('',(0.185075,-0.1311250014941,0.0055));
#4130=CARTESIAN_POINT('',(0.185075,-0.03512499850585,0.0055));
#4131=CARTESIAN_POINT('',(0.185075,-0.03512499850585,0.0055));
#4132=CARTESIAN_POINT('',(0.17907500149415,-0.03512499850585,0.0055));
#4133=CARTESIAN_POINT('',(0.17907500149415,-0.029125,0.0055));
#4134=CARTESIAN_POINT('',(0.11807499850585,-0.029125,0.0055));
#4135=CARTESIAN_POINT('',(0.11807499850585,-0.029125,0.0055));
#4136=CARTESIAN_POINT('',(0.11807499850585,-0.03512499850585,0.0055));
#4137=CARTESIAN_POINT('',(0.112075,-0.03512499850585,0.0055));
#4138=CARTESIAN_POINT('',(0.112075,-0.1311250014941,0.0055));
#4139=CARTESIAN_POINT('',(0.112075,-0.1311250014941,0.0055));
#4140=CARTESIAN_POINT('',(0.11807499850585,-0.1311250014941,0.0055));
#4141=CARTESIAN_POINT('',(0.11807499850585,-0.137124999999975,0.0055));
#4142=CARTESIAN_POINT('',(0.17907500149415,-0.137124999999975,0.0055));
#4143=CARTESIAN_POINT('',(0.173706810442205,-0.125671048160791,0.0055));
#4144=CARTESIAN_POINT('',(0.174206810442205,-0.125671048160791,0.0055));
#4145=CARTESIAN_POINT('',(0.171843243981429,-0.125671048160791,0.0055));
#4146=CARTESIAN_POINT('',(0.172343243981429,-0.125671048160791,0.0055));
#4147=CARTESIAN_POINT('',(0.174312992510709,-0.128872847497639,0.0055));
#4148=CARTESIAN_POINT('',(0.174812992510709,-0.128872847497639,0.0055));
#4149=CARTESIAN_POINT('',(0.175438861249775,-0.127746978758573,0.0055));
#4150=CARTESIAN_POINT('',(0.175938861249775,-0.127746978758573,0.0055));
#4151=CARTESIAN_POINT('',(0.1758509578096,-0.126209013459682,0.0055));
#4152=CARTESIAN_POINT('',(0.1763509578096,-0.126209013459682,0.0055));
#4153=CARTESIAN_POINT('',(0.175438861249774,-0.124671048160791,0.0055));
#4154=CARTESIAN_POINT('',(0.175938861249774,-0.124671048160791,0.0055));
#4155=CARTESIAN_POINT('',(0.174312992510709,-0.123545179421725,0.0055));
#4156=CARTESIAN_POINT('',(0.174812992510709,-0.123545179421725,0.0055));
#4157=CARTESIAN_POINT('',(0.172775027211817,-0.1231330828619,0.0055));
#4158=CARTESIAN_POINT('',(0.173275027211817,-0.1231330828619,0.0055));
#4159=CARTESIAN_POINT('',(0.123036882236589,-0.131111985916531,0.0055));
#4160=CARTESIAN_POINT('',(0.123536882236589,-0.131111985916531,0.0055));
#4161=CARTESIAN_POINT('',(0.172775027211817,-0.127284944057464,0.0055));
#4162=CARTESIAN_POINT('',(0.173275027211817,-0.127284944057464,0.0055));
#4163=CARTESIAN_POINT('',(0.172775027211817,-0.129284944057464,0.0055));
#4164=CARTESIAN_POINT('',(0.173275027211817,-0.129284944057464,0.0055));
#4165=CARTESIAN_POINT('',(0.172775027211817,-0.131284944057464,0.0055));
#4166=CARTESIAN_POINT('',(0.173275027211817,-0.131284944057464,0.0055));
#4167=CARTESIAN_POINT('',(0.121812664448023,-0.130604898305209,0.0055));
#4168=CARTESIAN_POINT('',(0.122312664448023,-0.130604898305209,0.0055));
#4169=CARTESIAN_POINT('',(0.12076140480039,-0.129798238406207,0.0055));
#4170=CARTESIAN_POINT('',(0.12126140480039,-0.129798238406207,0.0055));
#4171=CARTESIAN_POINT('',(0.119954744901388,-0.128746978758574,0.0055));
#4172=CARTESIAN_POINT('',(0.120454744901388,-0.128746978758574,0.0055));
#4173=CARTESIAN_POINT('',(0.119447657290065,-0.127522760970007,0.0055));
#4174=CARTESIAN_POINT('',(0.119947657290065,-0.127522760970007,0.0055));
#4175=CARTESIAN_POINT('',(0.174088774722142,-0.121306041002833,0.0055));
#4176=CARTESIAN_POINT('',(0.174588774722142,-0.121306041002833,0.0055));
#4177=CARTESIAN_POINT('',(0.175312992510708,-0.121813128614156,0.0055));
#4178=CARTESIAN_POINT('',(0.175812992510708,-0.121813128614156,0.0055));
#4179=CARTESIAN_POINT('',(0.176364252158342,-0.122619788513158,0.0055));
#4180=CARTESIAN_POINT('',(0.176864252158342,-0.122619788513158,0.0055));
#4181=CARTESIAN_POINT('',(0.177170912057344,-0.123671048160791,0.0055));
#4182=CARTESIAN_POINT('',(0.177670912057344,-0.123671048160791,0.0055));
#4183=CARTESIAN_POINT('',(0.177677999668666,-0.124895265949357,0.0055));
#4184=CARTESIAN_POINT('',(0.178177999668666,-0.124895265949357,0.0055));
#4185=CARTESIAN_POINT('',(0.177850957809599,-0.126209013459682,0.0055));
#4186=CARTESIAN_POINT('',(0.178350957809599,-0.126209013459682,0.0055));
#4187=CARTESIAN_POINT('',(0.177677999668666,-0.127522760970007,0.0055));
#4188=CARTESIAN_POINT('',(0.178177999668666,-0.127522760970007,0.0055));
#4189=CARTESIAN_POINT('',(0.177170912057344,-0.128746978758573,0.0055));
#4190=CARTESIAN_POINT('',(0.177670912057344,-0.128746978758573,0.0055));
#4191=CARTESIAN_POINT('',(0.176364252158342,-0.129798238406206,0.0055));
#4192=CARTESIAN_POINT('',(0.176864252158342,-0.129798238406206,0.0055));
#4193=CARTESIAN_POINT('',(0.175312992510709,-0.130604898305208,0.0055));
#4194=CARTESIAN_POINT('',(0.175812992510709,-0.130604898305208,0.0055));
#4195=CARTESIAN_POINT('',(0.174088774722143,-0.131111985916531,0.0055));
#4196=CARTESIAN_POINT('',(0.174588774722143,-0.131111985916531,0.0055));
#4197=CARTESIAN_POINT('',(0.171237061912926,-0.128872847497639,0.0055));
#4198=CARTESIAN_POINT('',(0.171737061912926,-0.128872847497639,0.0055));
#4199=CARTESIAN_POINT('',(0.170111193173861,-0.127746978758573,0.0055));
#4200=CARTESIAN_POINT('',(0.170611193173861,-0.127746978758573,0.0055));
#4201=CARTESIAN_POINT('',(0.169699096614035,-0.126209013459682,0.0055));
#4202=CARTESIAN_POINT('',(0.170199096614035,-0.126209013459682,0.0055));
#4203=CARTESIAN_POINT('',(0.17011119317386,-0.124671048160791,0.0055));
#4204=CARTESIAN_POINT('',(0.17061119317386,-0.124671048160791,0.0055));
#4205=CARTESIAN_POINT('',(0.171237061912926,-0.123545179421725,0.0055));
#4206=CARTESIAN_POINT('',(0.171737061912926,-0.123545179421725,0.0055));
#4207=CARTESIAN_POINT('',(0.126888595045805,-0.130604898305208,0.0055));
#4208=CARTESIAN_POINT('',(0.127388595045805,-0.130604898305208,0.0055));
#4209=CARTESIAN_POINT('',(0.125664377257239,-0.131111985916531,0.0055));
#4210=CARTESIAN_POINT('',(0.126164377257239,-0.131111985916531,0.0055));
#4211=CARTESIAN_POINT('',(0.122812664448023,-0.12887284749764,0.0055));
#4212=CARTESIAN_POINT('',(0.123312664448023,-0.12887284749764,0.0055));
#4213=CARTESIAN_POINT('',(0.121686795708957,-0.127746978758574,0.0055));
#4214=CARTESIAN_POINT('',(0.122186795708957,-0.127746978758574,0.0055));
#4215=CARTESIAN_POINT('',(0.121274699149132,-0.126209013459683,0.0055));
#4216=CARTESIAN_POINT('',(0.121774699149132,-0.126209013459683,0.0055));
#4217=CARTESIAN_POINT('',(0.121686795708956,-0.124671048160792,0.0055));
#4218=CARTESIAN_POINT('',(0.122186795708956,-0.124671048160792,0.0055));
#4219=CARTESIAN_POINT('',(0.122812664448022,-0.123545179421725,0.0055));
#4220=CARTESIAN_POINT('',(0.123312664448022,-0.123545179421725,0.0055));
#4221=CARTESIAN_POINT('',(0.124350629746914,-0.1231330828619,0.0055));
#4222=CARTESIAN_POINT('',(0.124850629746914,-0.1231330828619,0.0055));
#4223=CARTESIAN_POINT('',(0.125888595045805,-0.12887284749764,0.0055));
#4224=CARTESIAN_POINT('',(0.126388595045805,-0.12887284749764,0.0055));
#4225=CARTESIAN_POINT('',(0.125282412977302,-0.125671048160791,0.0055));
#4226=CARTESIAN_POINT('',(0.125782412977302,-0.125671048160791,0.0055));
#4227=CARTESIAN_POINT('',(0.124350629746914,-0.131284944057465,0.0055));
#4228=CARTESIAN_POINT('',(0.124850629746914,-0.131284944057465,0.0055));
#4229=CARTESIAN_POINT('',(0.124350629746914,-0.129284944057465,0.0055));
#4230=CARTESIAN_POINT('',(0.124850629746914,-0.129284944057465,0.0055));
#4231=CARTESIAN_POINT('',(0.127014463784871,-0.127746978758573,0.0055));
#4232=CARTESIAN_POINT('',(0.127514463784871,-0.127746978758573,0.0055));
#4233=CARTESIAN_POINT('',(0.127426560344696,-0.126209013459682,0.0055));
#4234=CARTESIAN_POINT('',(0.127926560344696,-0.126209013459682,0.0055));
#4235=CARTESIAN_POINT('',(0.127014463784871,-0.124671048160791,0.0055));
#4236=CARTESIAN_POINT('',(0.127514463784871,-0.124671048160791,0.0055));
#4237=CARTESIAN_POINT('',(0.125888595045805,-0.123545179421725,0.0055));
#4238=CARTESIAN_POINT('',(0.126388595045805,-0.123545179421725,0.0055));
#4239=CARTESIAN_POINT('',(0.127939854693438,-0.129798238406206,0.0055));
#4240=CARTESIAN_POINT('',(0.128439854693438,-0.129798238406206,0.0055));
#4241=CARTESIAN_POINT('',(0.12874651459244,-0.128746978758573,0.0055));
#4242=CARTESIAN_POINT('',(0.12924651459244,-0.128746978758573,0.0055));
#4243=CARTESIAN_POINT('',(0.129253602203762,-0.127522760970007,0.0055));
#4244=CARTESIAN_POINT('',(0.129753602203762,-0.127522760970007,0.0055));
#4245=CARTESIAN_POINT('',(0.129426560344696,-0.126209013459682,0.0055));
#4246=CARTESIAN_POINT('',(0.129926560344696,-0.126209013459682,0.0055));
#4247=CARTESIAN_POINT('',(0.129253602203762,-0.124895265949358,0.0055));
#4248=CARTESIAN_POINT('',(0.129753602203762,-0.124895265949358,0.0055));
#4249=CARTESIAN_POINT('',(0.12874651459244,-0.123671048160791,0.0055));
#4250=CARTESIAN_POINT('',(0.12924651459244,-0.123671048160791,0.0055));
#4251=CARTESIAN_POINT('',(0.127939854693438,-0.122619788513158,0.0055));
#4252=CARTESIAN_POINT('',(0.128439854693438,-0.122619788513158,0.0055));
#4253=CARTESIAN_POINT('',(0.126888595045805,-0.121813128614156,0.0055));
#4254=CARTESIAN_POINT('',(0.127388595045805,-0.121813128614156,0.0055));
#4255=CARTESIAN_POINT('',(0.125664377257238,-0.121306041002834,0.0055));
#4256=CARTESIAN_POINT('',(0.126164377257238,-0.121306041002834,0.0055));
#4257=CARTESIAN_POINT('',(0.124350629746914,-0.1211330828619,0.0055));
#4258=CARTESIAN_POINT('',(0.124850629746914,-0.1211330828619,0.0055));
#4259=CARTESIAN_POINT('',(0.123036882236589,-0.121306041002834,0.0055));
#4260=CARTESIAN_POINT('',(0.123536882236589,-0.121306041002834,0.0055));
#4261=CARTESIAN_POINT('',(0.121812664448022,-0.121813128614157,0.0055));
#4262=CARTESIAN_POINT('',(0.122312664448022,-0.121813128614157,0.0055));
#4263=CARTESIAN_POINT('',(0.12076140480039,-0.122619788513159,0.0055));
#4264=CARTESIAN_POINT('',(0.12126140480039,-0.122619788513159,0.0055));
#4265=CARTESIAN_POINT('',(0.119954744901388,-0.123671048160792,0.0055));
#4266=CARTESIAN_POINT('',(0.120454744901388,-0.123671048160792,0.0055));
#4267=CARTESIAN_POINT('',(0.119447657290065,-0.124895265949358,0.0055));
#4268=CARTESIAN_POINT('',(0.119947657290065,-0.124895265949358,0.0055));
#4269=CARTESIAN_POINT('',(0.119274699149132,-0.126209013459683,0.0055));
#4270=CARTESIAN_POINT('',(0.119774699149132,-0.126209013459683,0.0055));
#4271=CARTESIAN_POINT('',(0.123418846516525,-0.125671048160792,0.0055));
#4272=CARTESIAN_POINT('',(0.123918846516525,-0.125671048160792,0.0055));
#4273=CARTESIAN_POINT('',(0.171461279701493,-0.131111985916531,0.0055));
#4274=CARTESIAN_POINT('',(0.171961279701493,-0.131111985916531,0.0055));
#4275=CARTESIAN_POINT('',(0.170237061912926,-0.130604898305208,0.0055));
#4276=CARTESIAN_POINT('',(0.170737061912926,-0.130604898305208,0.0055));
#4277=CARTESIAN_POINT('',(0.169185802265294,-0.129798238406206,0.0055));
#4278=CARTESIAN_POINT('',(0.169685802265294,-0.129798238406206,0.0055));
#4279=CARTESIAN_POINT('',(0.168379142366292,-0.128746978758573,0.0055));
#4280=CARTESIAN_POINT('',(0.168879142366292,-0.128746978758573,0.0055));
#4281=CARTESIAN_POINT('',(0.167872054754969,-0.127522760970007,0.0055));
#4282=CARTESIAN_POINT('',(0.168372054754969,-0.127522760970007,0.0055));
#4283=CARTESIAN_POINT('',(0.167699096614036,-0.126209013459682,0.0055));
#4284=CARTESIAN_POINT('',(0.168199096614036,-0.126209013459682,0.0055));
#4285=CARTESIAN_POINT('',(0.167872054754969,-0.124895265949358,0.0055));
#4286=CARTESIAN_POINT('',(0.168372054754969,-0.124895265949358,0.0055));
#4287=CARTESIAN_POINT('',(0.168379142366292,-0.123671048160791,0.0055));
#4288=CARTESIAN_POINT('',(0.168879142366292,-0.123671048160791,0.0055));
#4289=CARTESIAN_POINT('',(0.169185802265294,-0.122619788513158,0.0055));
#4290=CARTESIAN_POINT('',(0.169685802265294,-0.122619788513158,0.0055));
#4291=CARTESIAN_POINT('',(0.170237061912926,-0.121813128614156,0.0055));
#4292=CARTESIAN_POINT('',(0.170737061912926,-0.121813128614156,0.0055));
#4293=CARTESIAN_POINT('',(0.171461279701492,-0.121306041002834,0.0055));
#4294=CARTESIAN_POINT('',(0.171961279701492,-0.121306041002834,0.0055));
#4295=CARTESIAN_POINT('',(0.172775027211817,-0.1211330828619,0.0055));
#4296=CARTESIAN_POINT('',(0.173275027211817,-0.1211330828619,0.0055));
#4297=CARTESIAN_POINT('',(0.124350629746914,-0.127284944057465,0.0055));
#4298=CARTESIAN_POINT('',(0.124850629746914,-0.127284944057465,0.0055));
#4299=CARTESIAN_POINT('',(0.1715,-0.08045,0.0055));
#4300=CARTESIAN_POINT('',(0.17565,-0.08045,0.0055));
#4301=CARTESIAN_POINT('',(0.12565,-0.08045,0.0055));
#4302=CARTESIAN_POINT('',(0.1298,-0.08045,0.0055));
#4303=CARTESIAN_POINT('',(0.122876920999997,-0.0831249999999873,0.0055));
#4304=CARTESIAN_POINT('',(0.122876920999997,-0.0381054909999968,0.0055));
#4305=CARTESIAN_POINT('',(0.122876920999998,-0.0738445090000004,0.0055));
#4306=CARTESIAN_POINT('',(0.122975002071024,-0.0381250020710256,0.0055));
#4307=CARTESIAN_POINT('',(0.122955490999999,-0.0380269209999972,0.0055));
#4308=CARTESIAN_POINT('',(0.148575,-0.0380269209999974,0.0055));
#4309=CARTESIAN_POINT('',(0.174194509,-0.0380269209999974,0.0055));
#4310=CARTESIAN_POINT('',(0.174174997928964,-0.038125002071031,0.0055));
#4311=CARTESIAN_POINT('',(0.174273078999998,-0.0381054910000002,0.0055));
#4312=CARTESIAN_POINT('',(0.174273078999997,-0.0831249999999873,0.0055));
#4313=CARTESIAN_POINT('',(0.174273078999997,-0.0738445089999996,0.0055));
#4314=CARTESIAN_POINT('',(0.174174997928956,-0.0738249979289561,0.0055));
#4315=CARTESIAN_POINT('',(0.174194508999999,-0.0739230789999978,0.0055));
#4316=CARTESIAN_POINT('',(0.148575,-0.0739230789999981,0.0055));
#4317=CARTESIAN_POINT('',(0.122955490999997,-0.0739230789999987,0.0055));
#4318=CARTESIAN_POINT('',(0.122975002071035,-0.0738249979289629,0.0055));
#4319=CARTESIAN_POINT('',(0.148574964139579,-0.1034,0.0055));
#4320=CARTESIAN_POINT('',(0.168674835273295,-0.1034,0.0055));
#4321=CARTESIAN_POINT('',(0.148575,-0.135124999999975,0.0045));
#4322=CARTESIAN_POINT('',(0.148575,-0.135124999999975,0.002));
#4323=CARTESIAN_POINT('',(0.17907500149415,-0.135124999999975,0.002));
#4324=CARTESIAN_POINT('',(0.11807499850585,-0.135124999999975,0.002));
#4325=CARTESIAN_POINT('',(0.11807499850585,-0.135124999999975,0.0045));
#4326=CARTESIAN_POINT('',(0.17907500149415,-0.135124999999975,0.0045));
#4327=CARTESIAN_POINT('',(0.11807499850585,-0.1311250014941,0.0045));
#4328=CARTESIAN_POINT('',(0.11807499850585,-0.1311250014941,0.002));
#4329=CARTESIAN_POINT('',(0.114075,-0.1311250014941,0.002));
#4330=CARTESIAN_POINT('',(0.114075,-0.1311250014941,0.0045));
#4331=CARTESIAN_POINT('',(0.114075,-0.083124999999975,0.0045));
#4332=CARTESIAN_POINT('',(0.114075,-0.083124999999975,0.002));
#4333=CARTESIAN_POINT('',(0.114075,-0.03512499850585,0.002));
#4334=CARTESIAN_POINT('',(0.114075,-0.03512499850585,0.0045));
#4335=CARTESIAN_POINT('',(0.11807499850585,-0.03512499850585,0.0045));
#4336=CARTESIAN_POINT('',(0.11807499850585,-0.03512499850585,0.002));
#4337=CARTESIAN_POINT('',(0.11807499850585,-0.031125,0.002));
#4338=CARTESIAN_POINT('',(0.11807499850585,-0.031125,0.0045));
#4339=CARTESIAN_POINT('',(0.148575,-0.031125,0.0045));
#4340=CARTESIAN_POINT('',(0.148575,-0.031125,0.002));
#4341=CARTESIAN_POINT('',(0.17907500149415,-0.031125,0.002));
#4342=CARTESIAN_POINT('',(0.17907500149415,-0.031125,0.0045));
#4343=CARTESIAN_POINT('',(0.17907500149415,-0.03512499850585,0.0045));
#4344=CARTESIAN_POINT('',(0.17907500149415,-0.03512499850585,0.002));
#4345=CARTESIAN_POINT('',(0.17907500149415,-0.1311250014941,0.0045));
#4346=CARTESIAN_POINT('',(0.17907500149415,-0.1311250014941,0.002));
#4347=CARTESIAN_POINT('',(0.148575,-0.0831249999999873,0.002));
#4348=CARTESIAN_POINT('',(0.184277091135178,-0.129238533311438,0.002));
#4349=CARTESIAN_POINT('',(0.185377091135178,-0.129238533311438,0.002));
#4350=CARTESIAN_POINT('',(0.177336116384743,-0.136325001246445,0.002));
#4351=CARTESIAN_POINT('',(0.178436116384743,-0.136325001246445,0.002));
#4352=CARTESIAN_POINT('',(0.120336116384743,-0.136325001246445,0.002));
#4353=CARTESIAN_POINT('',(0.121436116384743,-0.136325001246445,0.002));
#4354=CARTESIAN_POINT('',(0.112875,-0.129237324675918,0.002));
#4355=CARTESIAN_POINT('',(0.113975,-0.129237324675918,0.002));
#4356=CARTESIAN_POINT('',(0.112875,-0.0980373246759176,0.002));
#4357=CARTESIAN_POINT('',(0.113975,-0.0980373246759176,0.002));
#4358=CARTESIAN_POINT('',(0.112875,-0.0668373246759176,0.002));
#4359=CARTESIAN_POINT('',(0.113975,-0.0668373246759176,0.002));
#4360=CARTESIAN_POINT('',(0.112875,-0.0356373246759176,0.002));
#4361=CARTESIAN_POINT('',(0.113975,-0.0356373246759176,0.002));
#4362=CARTESIAN_POINT('',(0.120435953140259,-0.029925,0.002));
#4363=CARTESIAN_POINT('',(0.121535953140259,-0.029925,0.002));
#4364=CARTESIAN_POINT('',(0.148935953140259,-0.029925,0.002));
#4365=CARTESIAN_POINT('',(0.150035953140259,-0.029925,0.002));
#4366=CARTESIAN_POINT('',(0.177435953140259,-0.029925,0.002));
#4367=CARTESIAN_POINT('',(0.178535953140259,-0.029925,0.002));
#4368=CARTESIAN_POINT('',(0.184277091135178,-0.0356385333114381,0.002));
#4369=CARTESIAN_POINT('',(0.185377091135178,-0.0356385333114381,0.002));
#4370=CARTESIAN_POINT('',(0.184277091135178,-0.0668385333114382,0.002));
#4371=CARTESIAN_POINT('',(0.185377091135178,-0.0668385333114382,0.002));
#4372=CARTESIAN_POINT('',(0.148575,-0.028725,0.002));
#4373=CARTESIAN_POINT('',(0.11807499850585,-0.028725,0.002));
#4374=CARTESIAN_POINT('',(0.17907500149415,-0.028725,0.002));
#4375=CARTESIAN_POINT('',(0.17907500149415,-0.03512499850585,0.002));
#4376=CARTESIAN_POINT('',(0.17907500149415,-0.1311250014941,0.002));
#4377=CARTESIAN_POINT('',(0.17907500149415,-0.13752499999995,0.002));
#4378=CARTESIAN_POINT('',(0.148575,-0.137524999999975,0.002));
#4379=CARTESIAN_POINT('',(0.11807499850585,-0.137524999999975,0.002));
#4380=CARTESIAN_POINT('',(0.11807499850585,-0.1311250014941,0.002));
#4381=CARTESIAN_POINT('',(0.111675,-0.1311250014941,0.002));
#4382=CARTESIAN_POINT('',(0.111675,-0.083124999999975,0.002));
#4383=CARTESIAN_POINT('',(0.111675,-0.03512499850585,0.002));
#4384=CARTESIAN_POINT('',(0.11807499850585,-0.03512499850585,0.002));
#4385=CARTESIAN_POINT('',(0.122876920999997,0.,0.017885));
#4386=CARTESIAN_POINT('',(0.122876920999997,-0.0381054909999969,0.017885));
#4387=CARTESIAN_POINT('',(0.122876920999997,-0.0738445090000005,0.017885));
#4388=CARTESIAN_POINT('',(0.122975002071035,-0.0738249979289629,0.017885));
#4389=CARTESIAN_POINT('',(0.122955490999997,-0.0739230789999981,0.017885));
#4390=CARTESIAN_POINT('',(0.,-0.0739230789999981,0.017885));
#4391=CARTESIAN_POINT('',(0.174194508999999,-0.0739230789999977,0.017885));
#4392=CARTESIAN_POINT('',(0.174174997928956,-0.0738249979289561,0.017885));
#4393=CARTESIAN_POINT('',(0.174273078999997,-0.0738445089999996,0.017885));
#4394=CARTESIAN_POINT('',(0.174273078999997,0.,0.017885));
#4395=CARTESIAN_POINT('',(0.174273078999998,-0.0381054910000002,0.017885));
#4396=CARTESIAN_POINT('',(0.174174997928964,-0.038125002071031,0.017885));
#4397=CARTESIAN_POINT('',(0.174194509,-0.0380269209999974,0.017885));
#4398=CARTESIAN_POINT('',(0.,-0.0380269209999974,0.017885));
#4399=CARTESIAN_POINT('',(0.122955490999999,-0.0380269209999965,0.017885));
#4400=CARTESIAN_POINT('',(0.122975002071024,-0.0381250020710256,0.017885));
#4401=CARTESIAN_POINT('',(0.148574964139579,-0.1034,0.047885));
#4402=CARTESIAN_POINT('',(0.148575,-0.028725,0.002));
#4403=CARTESIAN_POINT('',(0.11807499850585,-0.028725,0.002));
#4404=CARTESIAN_POINT('',(0.11807499850585,-0.028725,0.0051));
#4405=CARTESIAN_POINT('',(0.17907500149415,-0.028725,0.0051));
#4406=CARTESIAN_POINT('',(0.17907500149415,-0.028725,0.0051));
#4407=CARTESIAN_POINT('',(0.17907500149415,-0.028725,0.002));
#4408=CARTESIAN_POINT('',(0.11807499850585,-0.03512499850585,0.002));
#4409=CARTESIAN_POINT('',(0.111675,-0.03512499850585,0.002));
#4410=CARTESIAN_POINT('',(0.111675,-0.03512499850585,0.0051));
#4411=CARTESIAN_POINT('',(0.11807499850585,-0.03512499850585,0.0051));
#4412=CARTESIAN_POINT('',(0.111675,-0.083124999999975,0.002));
#4413=CARTESIAN_POINT('',(0.111675,-0.1311250014941,0.002));
#4414=CARTESIAN_POINT('',(0.111675,-0.1311250014941,0.0051));
#4415=CARTESIAN_POINT('',(0.111675,-0.03512499850585,0.0051));
#4416=CARTESIAN_POINT('',(0.11807499850585,-0.1311250014941,0.002));
#4417=CARTESIAN_POINT('',(0.11807499850585,-0.137524999999975,0.002));
#4418=CARTESIAN_POINT('',(0.11807499850585,-0.137524999999975,0.0051));
#4419=CARTESIAN_POINT('',(0.11807499850585,-0.1311250014941,0.0051));
#4420=CARTESIAN_POINT('',(0.148575,-0.137524999999975,0.002));
#4421=CARTESIAN_POINT('',(0.17907500149415,-0.13752499999995,0.002));
#4422=CARTESIAN_POINT('',(0.17907500149415,-0.13752499999995,0.0051));
#4423=CARTESIAN_POINT('',(0.11807499850585,-0.137524999999975,0.0051));
#4424=CARTESIAN_POINT('',(0.17907500149415,-0.1311250014941,0.002));
#4425=CARTESIAN_POINT('',(0.17907500149415,-0.1311250014941,0.0051));
#4426=CARTESIAN_POINT('',(0.17907500149415,-0.03512499850585,0.002));
#4427=CARTESIAN_POINT('',(0.17907500149415,-0.03512499850585,0.0051));
#4428=CARTESIAN_POINT('',(0.184277091135178,-0.0668385333114382,0.0037));
#4429=CARTESIAN_POINT('',(0.184277091135178,-0.0668385333114382,0.0037));
#4430=CARTESIAN_POINT('',(0.185377091135178,-0.0668385333114382,0.0037));
#4431=CARTESIAN_POINT('',(0.160476045567588,-0.0831249999999873,0.0037));
#4432=CARTESIAN_POINT('',(0.184277091135178,-0.0356385333114381,0.0037));
#4433=CARTESIAN_POINT('',(0.184277091135178,-0.0356385333114381,0.0037));
#4434=CARTESIAN_POINT('',(0.185377091135178,-0.0356385333114381,0.0037));
#4435=CARTESIAN_POINT('',(0.160476045567588,-0.0831249999999873,0.0037));
#4436=CARTESIAN_POINT('',(0.177435953140259,-0.029925,0.0037));
#4437=CARTESIAN_POINT('',(0.177435953140259,-0.029925,0.0037));
#4438=CARTESIAN_POINT('',(0.178535953140259,-0.029925,0.0037));
#4439=CARTESIAN_POINT('',(0.160476045567588,-0.0831249999999873,0.0037));
#4440=CARTESIAN_POINT('',(0.148935953140259,-0.029925,0.0037));
#4441=CARTESIAN_POINT('',(0.148935953140259,-0.029925,0.0037));
#4442=CARTESIAN_POINT('',(0.150035953140259,-0.029925,0.0037));
#4443=CARTESIAN_POINT('',(0.160476045567588,-0.0831249999999873,0.0037));
#4444=CARTESIAN_POINT('',(0.120435953140259,-0.029925,0.0037));
#4445=CARTESIAN_POINT('',(0.120435953140259,-0.029925,0.0037));
#4446=CARTESIAN_POINT('',(0.121535953140259,-0.029925,0.0037));
#4447=CARTESIAN_POINT('',(0.160476045567588,-0.0831249999999873,0.0037));
#4448=CARTESIAN_POINT('',(0.112875,-0.0356373246759176,0.0037));
#4449=CARTESIAN_POINT('',(0.112875,-0.0356373246759176,0.0037));
#4450=CARTESIAN_POINT('',(0.113975,-0.0356373246759176,0.0037));
#4451=CARTESIAN_POINT('',(0.160476045567588,-0.0831249999999873,0.0037));
#4452=CARTESIAN_POINT('',(0.112875,-0.0668373246759176,0.0037));
#4453=CARTESIAN_POINT('',(0.112875,-0.0668373246759176,0.0037));
#4454=CARTESIAN_POINT('',(0.113975,-0.0668373246759176,0.0037));
#4455=CARTESIAN_POINT('',(0.160476045567588,-0.0831249999999873,0.0037));
#4456=CARTESIAN_POINT('',(0.112875,-0.0980373246759176,0.0037));
#4457=CARTESIAN_POINT('',(0.112875,-0.0980373246759176,0.0037));
#4458=CARTESIAN_POINT('',(0.113975,-0.0980373246759176,0.0037));
#4459=CARTESIAN_POINT('',(0.160476045567588,-0.0831249999999873,0.0037));
#4460=CARTESIAN_POINT('',(0.112875,-0.129237324675918,0.0037));
#4461=CARTESIAN_POINT('',(0.112875,-0.129237324675918,0.0037));
#4462=CARTESIAN_POINT('',(0.113975,-0.129237324675918,0.0037));
#4463=CARTESIAN_POINT('',(0.160476045567588,-0.0831249999999873,0.0037));
#4464=CARTESIAN_POINT('',(0.120336116384743,-0.136325001246445,0.0037));
#4465=CARTESIAN_POINT('',(0.120336116384743,-0.136325001246445,0.0037));
#4466=CARTESIAN_POINT('',(0.121436116384743,-0.136325001246445,0.0037));
#4467=CARTESIAN_POINT('',(0.160476045567588,-0.0831249999999873,0.0037));
#4468=CARTESIAN_POINT('',(0.177336116384743,-0.136325001246445,0.0037));
#4469=CARTESIAN_POINT('',(0.177336116384743,-0.136325001246445,0.0037));
#4470=CARTESIAN_POINT('',(0.178436116384743,-0.136325001246445,0.0037));
#4471=CARTESIAN_POINT('',(0.160476045567588,-0.0831249999999873,0.0037));
#4472=CARTESIAN_POINT('',(0.184277091135178,-0.129238533311438,0.0037));
#4473=CARTESIAN_POINT('',(0.184277091135178,-0.129238533311438,0.0037));
#4474=CARTESIAN_POINT('',(0.185377091135178,-0.129238533311438,0.0037));
#4475=CARTESIAN_POINT('',(0.160476045567588,-0.0831249999999873,0.0037));
#4476=CARTESIAN_POINT('',(0.12565,-0.08045,-0.056698));
#4477=CARTESIAN_POINT('',(0.1715,-0.08045,-0.056698));
#4478=CARTESIAN_POINT('',(0.124350629746914,-0.127284944057465,-0.0049));
#4479=CARTESIAN_POINT('',(0.172775027211817,-0.1211330828619,-0.0049));
#4480=CARTESIAN_POINT('',(0.171461279701492,-0.121306041002834,-0.0049));
#4481=CARTESIAN_POINT('',(0.170237061912926,-0.121813128614156,-0.0049));
#4482=CARTESIAN_POINT('',(0.169185802265294,-0.122619788513158,-0.0049));
#4483=CARTESIAN_POINT('',(0.168379142366292,-0.123671048160791,-0.0049));
#4484=CARTESIAN_POINT('',(0.167872054754969,-0.124895265949358,-0.0049));
#4485=CARTESIAN_POINT('',(0.167699096614036,-0.126209013459682,-0.0049));
#4486=CARTESIAN_POINT('',(0.167872054754969,-0.127522760970007,-0.0049));
#4487=CARTESIAN_POINT('',(0.168379142366292,-0.128746978758573,-0.0049));
#4488=CARTESIAN_POINT('',(0.169185802265294,-0.129798238406206,-0.0049));
#4489=CARTESIAN_POINT('',(0.170237061912926,-0.130604898305208,-0.0049));
#4490=CARTESIAN_POINT('',(0.171461279701493,-0.131111985916531,-0.0049));
#4491=CARTESIAN_POINT('',(0.123418846516525,-0.125671048160792,-0.0049));
#4492=CARTESIAN_POINT('',(0.119274699149132,-0.126209013459683,-0.0049));
#4493=CARTESIAN_POINT('',(0.119447657290065,-0.124895265949358,-0.0049));
#4494=CARTESIAN_POINT('',(0.119954744901388,-0.123671048160792,-0.0049));
#4495=CARTESIAN_POINT('',(0.12076140480039,-0.122619788513159,-0.0049));
#4496=CARTESIAN_POINT('',(0.121812664448022,-0.121813128614157,-0.0049));
#4497=CARTESIAN_POINT('',(0.123036882236589,-0.121306041002834,-0.0049));
#4498=CARTESIAN_POINT('',(0.124350629746914,-0.1211330828619,-0.0049));
#4499=CARTESIAN_POINT('',(0.125664377257238,-0.121306041002834,-0.0049));
#4500=CARTESIAN_POINT('',(0.126888595045805,-0.121813128614156,-0.0049));
#4501=CARTESIAN_POINT('',(0.127939854693438,-0.122619788513158,-0.0049));
#4502=CARTESIAN_POINT('',(0.12874651459244,-0.123671048160791,-0.0049));
#4503=CARTESIAN_POINT('',(0.129253602203762,-0.124895265949358,-0.0049));
#4504=CARTESIAN_POINT('',(0.129426560344696,-0.126209013459682,-0.0049));
#4505=CARTESIAN_POINT('',(0.129253602203762,-0.127522760970007,-0.0049));
#4506=CARTESIAN_POINT('',(0.12874651459244,-0.128746978758573,-0.0049));
#4507=CARTESIAN_POINT('',(0.127939854693438,-0.129798238406206,-0.0049));
#4508=CARTESIAN_POINT('',(0.125888595045805,-0.123545179421725,-0.0049));
#4509=CARTESIAN_POINT('',(0.127014463784871,-0.124671048160791,-0.0049));
#4510=CARTESIAN_POINT('',(0.127426560344696,-0.126209013459682,-0.0049));
#4511=CARTESIAN_POINT('',(0.127014463784871,-0.127746978758573,-0.0049));
#4512=CARTESIAN_POINT('',(0.124350629746914,-0.129284944057465,-0.0049));
#4513=CARTESIAN_POINT('',(0.124350629746914,-0.131284944057465,-0.0049));
#4514=CARTESIAN_POINT('',(0.125282412977302,-0.125671048160791,-0.0049));
#4515=CARTESIAN_POINT('',(0.125888595045805,-0.12887284749764,-0.0049));
#4516=CARTESIAN_POINT('',(0.124350629746914,-0.1231330828619,-0.0049));
#4517=CARTESIAN_POINT('',(0.122812664448022,-0.123545179421725,-0.0049));
#4518=CARTESIAN_POINT('',(0.121686795708956,-0.124671048160792,-0.0049));
#4519=CARTESIAN_POINT('',(0.121274699149132,-0.126209013459683,-0.0049));
#4520=CARTESIAN_POINT('',(0.121686795708957,-0.127746978758574,-0.0049));
#4521=CARTESIAN_POINT('',(0.122812664448023,-0.12887284749764,-0.0049));
#4522=CARTESIAN_POINT('',(0.125664377257239,-0.131111985916531,-0.0049));
#4523=CARTESIAN_POINT('',(0.126888595045805,-0.130604898305208,-0.0049));
#4524=CARTESIAN_POINT('',(0.171237061912926,-0.123545179421725,-0.0049));
#4525=CARTESIAN_POINT('',(0.17011119317386,-0.124671048160791,-0.0049));
#4526=CARTESIAN_POINT('',(0.169699096614035,-0.126209013459682,-0.0049));
#4527=CARTESIAN_POINT('',(0.170111193173861,-0.127746978758573,-0.0049));
#4528=CARTESIAN_POINT('',(0.171237061912926,-0.128872847497639,-0.0049));
#4529=CARTESIAN_POINT('',(0.174088774722143,-0.131111985916531,-0.0049));
#4530=CARTESIAN_POINT('',(0.175312992510709,-0.130604898305208,-0.0049));
#4531=CARTESIAN_POINT('',(0.176364252158342,-0.129798238406206,-0.0049));
#4532=CARTESIAN_POINT('',(0.177170912057344,-0.128746978758573,-0.0049));
#4533=CARTESIAN_POINT('',(0.177677999668666,-0.127522760970007,-0.0049));
#4534=CARTESIAN_POINT('',(0.177850957809599,-0.126209013459682,-0.0049));
#4535=CARTESIAN_POINT('',(0.177677999668666,-0.124895265949357,-0.0049));
#4536=CARTESIAN_POINT('',(0.177170912057344,-0.123671048160791,-0.0049));
#4537=CARTESIAN_POINT('',(0.176364252158342,-0.122619788513158,-0.0049));
#4538=CARTESIAN_POINT('',(0.175312992510708,-0.121813128614156,-0.0049));
#4539=CARTESIAN_POINT('',(0.174088774722142,-0.121306041002833,-0.0049));
#4540=CARTESIAN_POINT('',(0.119447657290065,-0.127522760970007,-0.0049));
#4541=CARTESIAN_POINT('',(0.119954744901388,-0.128746978758574,-0.0049));
#4542=CARTESIAN_POINT('',(0.12076140480039,-0.129798238406207,-0.0049));
#4543=CARTESIAN_POINT('',(0.121812664448023,-0.130604898305209,-0.0049));
#4544=CARTESIAN_POINT('',(0.172775027211817,-0.131284944057464,-0.0049));
#4545=CARTESIAN_POINT('',(0.172775027211817,-0.129284944057464,-0.0049));
#4546=CARTESIAN_POINT('',(0.172775027211817,-0.127284944057464,-0.0049));
#4547=CARTESIAN_POINT('',(0.123036882236589,-0.131111985916531,-0.0049));
#4548=CARTESIAN_POINT('',(0.172775027211817,-0.1231330828619,-0.0049));
#4549=CARTESIAN_POINT('',(0.174312992510709,-0.123545179421725,-0.0049));
#4550=CARTESIAN_POINT('',(0.175438861249774,-0.124671048160791,-0.0049));
#4551=CARTESIAN_POINT('',(0.1758509578096,-0.126209013459682,-0.0049));
#4552=CARTESIAN_POINT('',(0.175438861249775,-0.127746978758573,-0.0049));
#4553=CARTESIAN_POINT('',(0.174312992510709,-0.128872847497639,-0.0049));
#4554=CARTESIAN_POINT('',(0.171843243981429,-0.125671048160791,-0.0049));
#4555=CARTESIAN_POINT('',(0.173706810442205,-0.125671048160791,-0.0049));
#4556=CARTESIAN_POINT('',(0.112075,-0.083124999999975,0.0051));
#4557=CARTESIAN_POINT('',(0.112075,-0.1311250014941,0.0051));
#4558=CARTESIAN_POINT('',(0.112075,-0.03512499850585,0.0051));
#4559=CARTESIAN_POINT('',(0.11807499850585,-0.03512499850585,0.0051));
#4560=CARTESIAN_POINT('',(0.11807499850585,-0.029125,0.0051));
#4561=CARTESIAN_POINT('',(0.11807499850585,-0.1311250014941,0.0051));
#4562=CARTESIAN_POINT('',(0.11807499850585,-0.13712499999995,0.0051));
#4563=CARTESIAN_POINT('',(0.148575,-0.029125,0.0051));
#4564=CARTESIAN_POINT('',(0.17907500149415,-0.029125,0.0051));
#4565=CARTESIAN_POINT('',(0.148575,-0.137124999999975,0.0051));
#4566=CARTESIAN_POINT('',(0.17907500149415,-0.137124999999975,0.0051));
#4567=CARTESIAN_POINT('',(0.17907500149415,-0.03512499850585,0.0051));
#4568=CARTESIAN_POINT('',(0.185075,-0.03512499850585,0.0051));
#4569=CARTESIAN_POINT('',(0.17907500149415,-0.1311250014941,0.0051));
#4570=CARTESIAN_POINT('',(0.185075,-0.1311250014941,0.0051));
#4571=CARTESIAN_POINT('',(0.185075,-0.083124999999975,0.0051));
#4572=CARTESIAN_POINT('',(0.160575,-0.116025,0.00421857205422697));
#4573=CARTESIAN_POINT('',(0.160475,-0.113125,0.00421857205422696));
#4574=CARTESIAN_POINT('',(0.160475,-0.118925,0.00421857205422697));
#4575=CARTESIAN_POINT('',(0.160575,-0.116025,0.00231857205422697));
#4576=CARTESIAN_POINT('',(0.160475,-0.118925,0.00231857205422697));
#4577=CARTESIAN_POINT('',(0.160475,-0.113125,0.00231857205422697));
#4578=CARTESIAN_POINT('',(0.160475,-0.113125,0.00241857205422694));
#4579=CARTESIAN_POINT('',(0.160475,-0.113025,0.00241857205422697));
#4580=CARTESIAN_POINT('',(0.160475,-0.113025,0.00326857205422697));
#4581=CARTESIAN_POINT('',(0.160475,-0.113025,0.00411857205422696));
#4582=CARTESIAN_POINT('',(0.160475,-0.113125,0.00411857205422699));
#4583=CARTESIAN_POINT('',(0.160475,-0.118925,0.00411857205422696));
#4584=CARTESIAN_POINT('',(0.160475,-0.119025,0.00411857205422696));
#4585=CARTESIAN_POINT('',(0.160475,-0.119025,0.00326857205422697));
#4586=CARTESIAN_POINT('',(0.160475,-0.119025,0.00241857205422697));
#4587=CARTESIAN_POINT('',(0.160475,-0.118925,0.00241857205422697));
#4588=MECHANICAL_DESIGN_GEOMETRIC_PRESENTATION_REPRESENTATION('',(#2667),
#4589);
#4589=(
GEOMETRIC_REPRESENTATION_CONTEXT(3)
GLOBAL_UNCERTAINTY_ASSIGNED_CONTEXT((#4590))
GLOBAL_UNIT_ASSIGNED_CONTEXT((#4593,#4592,#4591))
REPRESENTATION_CONTEXT('top case','TOP_LEVEL_ASSEMBLY_PART')
);
#4590=UNCERTAINTY_MEASURE_WITH_UNIT(LENGTH_MEASURE(2.00000000154262E-6),
#4593,'DISTANCE_ACCURACY_VALUE','Maximum Tolerance applied to model');
#4591=(
NAMED_UNIT(*)
SI_UNIT($,.STERADIAN.)
SOLID_ANGLE_UNIT()
);
#4592=(
NAMED_UNIT(*)
PLANE_ANGLE_UNIT()
SI_UNIT($,.RADIAN.)
);
#4593=(
LENGTH_UNIT()
NAMED_UNIT(*)
SI_UNIT($,.METRE.)
);
#4594=PRODUCT_DEFINITION_SHAPE('','',#4595);
#4595=PRODUCT_DEFINITION('','',#4597,#4596);
#4596=PRODUCT_DEFINITION_CONTEXT('',#4603,'design');
#4597=PRODUCT_DEFINITION_FORMATION_WITH_SPECIFIED_SOURCE('','',#4599,
 .NOT_KNOWN.);
#4598=PRODUCT_RELATED_PRODUCT_CATEGORY('','',(#4599));
#4599=PRODUCT('top case','top case','top case',(#4601));
#4600=PRODUCT_CATEGORY('','');
#4601=PRODUCT_CONTEXT('',#4603,'mechanical');
#4602=APPLICATION_PROTOCOL_DEFINITION('international standard',
'ap242_managed_model_based_3d_engineering',2020,#4603);
#4603=APPLICATION_CONTEXT('managed model based 3d engineering');
ENDSEC;
END-ISO-10303-21;
